NAL,NOMBRESEDE,NOMBREESCUELA,UBIGEONACIMIENTO,EDAD,DIRECCION,ESTADOCIVIL,DEUDA,MODALIDADINGRESO,PUNTAJEINGRESO,TIPOCOLEGIO,LUGARCOLEGIO,A¥OEGRESOCOLEGIO,SEXO
1,CUSCO,INGENIERIA DE SISTEMAS,OTROS UBIGEO,A,CUSCO,SOLTERO(A),PRIMERA CATEGORIA,EXAMEN ADMISION ORDINARIO,NO DESTACADO,PUBLICA,OTROS DISTRITOS,Z,MASCULINO
2,CUSCO,INGENIERIA DE SISTEMAS,OTROS UBIGEO,B,CUSCO,SOLTERO(A),NO DEBE,EXAMEN ADMISION ORDINARIO,NO DESTACADO,PRIVADA,OTROS DISTRITOS,Z,MASCULINO
3,CUSCO,CONTABILIDAD,OTROS UBIGEO,A,WANCHAQ,SOLTERO(A),CUARTA CATEGORIA,EXAMEN ADMISION ORDINARIO,ESPERADO,PUBLICA,OTROS DISTRITOS,Z,MASCULINO
4,CUSCO,CONTABILIDAD,OTROS UBIGEO,C,WANCHAQ,SOLTERO(A),NO DEBE,EXAMEN ADMISION ORDINARIO,ESPERADO,PUBLICA,OTROS DISTRITOS,X,FEMENINO
5,CUSCO,CONTABILIDAD,OTROS UBIGEO,C,SAN SEBASTIAN,SOLTERO(A),NO DEBE,EXAMEN ADMISION ORDINARIO,DESTACADO,PUBLICA,OTROS DISTRITOS,X,FEMENINO
6,CUSCO,INGENIERIA CIVIL,OTROS UBIGEO,C,WANCHAQ,SOLTERO(A),NO DEBE,EXAMEN ADMISION ORDINARIO,DESTACADO,PUBLICA,OTROS DISTRITOS,X,MASCULINO
7,CUSCO,INGENIERIA CIVIL,OTROS UBIGEO,B,WANCHAQ,SOLTERO(A),NO DEBE,OTRAS MODALIDADES,ESPERADO,PRIVADA,OTROS DISTRITOS,Y,MASCULINO
8,CUSCO,INGENIERIA CIVIL,OTROS UBIGEO,A,WANCHAQ,SOLTERO(A),NO DEBE,EXAMEN ADMISION ORDINARIO,DESTACADO,PRIVADA,OTROS DISTRITOS,Z,MASCULINO
9,CUSCO,INGENIERIA CIVIL,OTROS UBIGEO,C,CUSCO,SOLTERO(A),PRIMERA CATEGORIA,OTRAS MODALIDADES,ESPERADO,PUBLICA,OTROS DISTRITOS,X,FEMENINO
10,CUSCO,CONTABILIDAD,OTROS UBIGEO,B,WANCHAQ,SOLTERO(A),NO DEBE,EXAMEN ADMISION ORDINARIO,ESPERADO,PUBLICA,OTROS DISTRITOS,Y,MASCULINO
11,CUSCO,INGENIERIA CIVIL,OTROS UBIGEO,B,SAN JERONIMO,SOLTERO(A),PRIMERA CATEGORIA,EXAMEN ADMISION ORDINARIO,DESTACADO,PRIVADA,OTROS DISTRITOS,Y,MASCULINO
12,CUSCO,TURISMO,OTROS UBIGEO,B,WANCHAQ,SOLTERO(A),PRIMERA CATEGORIA,EXAMEN ADMISION ORDINARIO,ESPERADO,PRIVADA,OTROS DISTRITOS,Y,MASCULINO
13,CUSCO,CONTABILIDAD,OTROS UBIGEO,B,CUSCO,OTROS,NO DEBE,EXAMEN ADMISION ORDINARIO,DESTACADO,PUBLICA,OTROS DISTRITOS,Y,MASCULINO
14,CUSCO,INGENIERIA DE SISTEMAS,OTROS UBIGEO,B,CUSCO,SOLTERO(A),SEGUNDA CATEGORIA,EXAMEN ADMISION ORDINARIO,DESTACADO,PRIVADA,OTROS DISTRITOS,Y,MASCULINO
15,CUSCO,INGENIERIA CIVIL,OTROS UBIGEO,C,CUSCO,SOLTERO(A),NO DEBE,EXAMEN ADMISION ORDINARIO,DESTACADO,PUBLICA,OTROS DISTRITOS,X,MASCULINO
16,CUSCO,INGENIERIA CIVIL,OTROS UBIGEO,C,SAN JERONIMO,SOLTERO(A),NO DEBE,EXAMEN ADMISION ORDINARIO,DESTACADO,PRIVADA,OTROS DISTRITOS,X,MASCULINO
17,CUSCO,INGENIERIA DE SISTEMAS,OTROS UBIGEO,B,CUSCO,SOLTERO(A),PRIMERA CATEGORIA,EXAMEN ADMISION ORDINARIO,ESPERADO,PRIVADA,OTROS DISTRITOS,Y,MASCULINO
18,CUSCO,INGENIERIA CIVIL,OTROS UBIGEO,B,WANCHAQ,SOLTERO(A),NO DEBE,OTRAS MODALIDADES,ESPERADO,PUBLICA,OTROS DISTRITOS,Y,MASCULINO
19,OTRAS SEDES,CONTABILIDAD,OTROS UBIGEO,C,NaN,NaN,PRIMERA CATEGORIA,EXAMEN ADMISION ORDINARIO,NO DESTACADO,PUBLICA,OTROS DISTRITOS,X,FEMENINO
20,CUSCO,TURISMO,OTROS UBIGEO,A,WANCHAQ,SOLTERO(A),NO DEBE,EXAMEN ADMISION ORDINARIO,ESPERADO,PRIVADA,OTROS DISTRITOS,Z,FEMENINO
21,CUSCO,TURISMO,OTROS UBIGEO,A,NaN,NaN,NO DEBE,EXAMEN ADMISION ORDINARIO,NO DESTACADO,PRIVADA,OTROS DISTRITOS,Z,FEMENINO
22,CUSCO,CONTABILIDAD,OTROS UBIGEO,A,NaN,NaN,PRIMERA CATEGORIA,EXAMEN ADMISION ORDINARIO,ESPERADO,PUBLICA,OTROS DISTRITOS,Z,FEMENINO
23,OTRAS SEDES,CONTABILIDAD,OTROS UBIGEO,C,CUSCO,OTROS,NO DEBE,EXAMEN ADMISION ORDINARIO,DESTACADO,PUBLICA,OTROS DISTRITOS,X,MASCULINO
24,OTRAS SEDES,INGENIERIA DE SISTEMAS,OTROS UBIGEO,C,NaN,NaN,PRIMERA CATEGORIA,EXAMEN ADMISION ORDINARIO,NO DESTACADO,PUBLICA,OTROS DISTRITOS,X,MASCULINO
25,CUSCO,CONTABILIDAD,OTROS UBIGEO,C,WANCHAQ,SOLTERO(A),NO DEBE,EXAMEN ADMISION ORDINARIO,ESPERADO,PUBLICA,OTROS DISTRITOS,X,MASCULINO
26,CUSCO,INGENIERIA CIVIL,OTROS UBIGEO,C,CUSCO,NaN,PRIMERA CATEGORIA,OTRAS MODALIDADES,ESPERADO,PRIVADA,CUSCO,X,MASCULINO
27,OTRAS SEDES,CONTABILIDAD,OTROS UBIGEO,B,QUILLABAMBA,SOLTERO(A),CUARTA CATEGORIA,EXAMEN ADMISION ORDINARIO,NO DESTACADO,PUBLICA,OTROS DISTRITOS,X,FEMENINO
28,CUSCO,CONTABILIDAD,OTROS UBIGEO,A,WANCHAQ,SOLTERO(A),NO DEBE,EXAMEN ADMISION ORDINARIO,NO DESTACADO,PRIVADA,CUSCO,Z,MASCULINO
29,CUSCO,CONTABILIDAD,OTROS UBIGEO,B,CUSCO,OTROS,SEGUNDA CATEGORIA,EXAMEN ADMISION ORDINARIO,NO DESTACADO,PRIVADA,CUSCO,Z,MASCULINO
30,CUSCO,INGENIERIA CIVIL,OTROS UBIGEO,A,CUSCO,SOLTERO(A),NO DEBE,EXAMEN ADMISION ORDINARIO,NO DESTACADO,PRIVADA,CUSCO,Z,MASCULINO
31,CUSCO,INGENIERIA CIVIL,OTROS UBIGEO,A,SAN SEBASTIAN,SOLTERO(A),PRIMERA CATEGORIA,EXAMEN ADMISION ORDINARIO,NO DESTACADO,PRIVADA,CUSCO,Z,MASCULINO
32,CUSCO,TURISMO,OTROS UBIGEO,B,WANCHAQ,SOLTERO(A),NO DEBE,EXAMEN ADMISION ORDINARIO,NO DESTACADO,PRIVADA,OTROS DISTRITOS,Z,FEMENINO
33,CUSCO,INGENIERIA CIVIL,OTROS UBIGEO,A,CUSCO,SOLTERO(A),PRIMERA CATEGORIA,EXAMEN ADMISION ORDINARIO,DESTACADO,PRIVADA,CUSCO,Z,MASCULINO
34,CUSCO,INGENIERIA CIVIL,OTROS UBIGEO,C,CUSCO,SOLTERO(A),NO DEBE,EXAMEN ADMISION ORDINARIO,DESTACADO,PUBLICA,CUSCO,X,MASCULINO
35,CUSCO,INGENIERIA DE SISTEMAS,OTROS UBIGEO,A,SAN JERONIMO,SOLTERO(A),NO DEBE,EXAMEN ADMISION ORDINARIO,DESTACADO,PUBLICA,CUSCO,Z,MASCULINO
36,CUSCO,INGENIERIA DE SISTEMAS,OTROS UBIGEO,B,CUSCO,SOLTERO(A),NO DEBE,EXAMEN ADMISION ORDINARIO,ESPERADO,PUBLICA,CUSCO,Z,MASCULINO
37,CUSCO,TURISMO,OTROS UBIGEO,B,CUSCO,SOLTERO(A),TERCERA CATEGORIA,OTRAS MODALIDADES,NO DESTACADO,PRIVADA,CUSCO,Y,FEMENINO
38,CUSCO,INGENIERIA DE SISTEMAS,OTROS UBIGEO,C,WANCHAQ,SOLTERO(A),NO DEBE,EXAMEN ADMISION ORDINARIO,NO DESTACADO,PRIVADA,OTROS DISTRITOS,X,MASCULINO
39,CUSCO,CONTABILIDAD,OTROS UBIGEO,A,WANCHAQ,SOLTERO(A),NO DEBE,EXAMEN ADMISION ORDINARIO,DESTACADO,PRIVADA,CUSCO,Z,FEMENINO
40,CUSCO,CONTABILIDAD,OTROS UBIGEO,B,WANCHAQ,SOLTERO(A),TERCERA CATEGORIA,EXAMEN ADMISION ORDINARIO,DESTACADO,PUBLICA,CUSCO,Y,MASCULINO
41,CUSCO,INGENIERIA CIVIL,OTROS UBIGEO,A,WANCHAQ,SOLTERO(A),PRIMERA CATEGORIA,EXAMEN ADMISION ORDINARIO,NO DESTACADO,PRIVADA,CUSCO,Z,MASCULINO
42,CUSCO,INGENIERIA DE SISTEMAS,OTROS UBIGEO,A,WANCHAQ,SOLTERO(A),SEGUNDA CATEGORIA,EXAMEN ADMISION ORDINARIO,NO DESTACADO,PRIVADA,CUSCO,Z,MASCULINO
43,CUSCO,CONTABILIDAD,OTROS UBIGEO,C,CUSCO,SOLTERO(A),TERCERA CATEGORIA,OTRAS MODALIDADES,NO DESTACADO,PUBLICA,CUSCO,Y,FEMENINO
44,CUSCO,INGENIERIA CIVIL,OTROS UBIGEO,C,CUSCO,SOLTERO(A),SEGUNDA CATEGORIA,EXAMEN ADMISION ORDINARIO,DESTACADO,PRIVADA,CUSCO,X,MASCULINO
45,CUSCO,TURISMO,OTROS UBIGEO,A,CUSCO,SOLTERO(A),PRIMERA CATEGORIA,EXAMEN ADMISION ORDINARIO,ESPERADO,PUBLICA,CUSCO,Z,FEMENINO
46,OTRAS SEDES,INGENIERIA DE SISTEMAS,CUSCO,C,PUERTO MALDONaNDO,SOLTERO(A),NO DEBE,EXAMEN ADMISION ORDINARIO,NO DESTACADO,PUBLICA,OTROS DISTRITOS,X,MASCULINO
47,CUSCO,CONTABILIDAD,CUSCO,C,SAN SEBASTIAN,SOLTERO(A),SEGUNDA CATEGORIA,EXAMEN ADMISION ORDINARIO,DESTACADO,PRIVADA,OTROS DISTRITOS,X,FEMENINO
48,CUSCO,INGENIERIA DE SISTEMAS,CUSCO,A,CUSCO,SOLTERO(A),NO DEBE,EXAMEN ADMISION ORDINARIO,ESPERADO,PRIVADA,CUSCO,Z,MASCULINO
49,CUSCO,INGENIERIA DE SISTEMAS,CUSCO,B,CUSCO,SOLTERO(A),NO DEBE,EXAMEN ADMISION ORDINARIO,ESPERADO,PUBLICA,CUSCO,Y,MASCULINO
50,CUSCO,CONTABILIDAD,CUSCO,C,CUSCO,OTROS,NO DEBE,EXAMEN ADMISION ORDINARIO,ESPERADO,PRIVADA,CUSCO,X,MASCULINO
51,CUSCO,INGENIERIA DE SISTEMAS,CUSCO,A,CUSCO,SOLTERO(A),NO DEBE,EXAMEN ADMISION ORDINARIO,NO DESTACADO,PRIVADA,CUSCO,Z,FEMENINO
52,CUSCO,INGENIERIA DE SISTEMAS,CUSCO,A,CUSCO,SOLTERO(A),NO DEBE,EXAMEN ADMISION ORDINARIO,ESPERADO,PRIVADA,CUSCO,Z,MASCULINO
53,CUSCO,INGENIERIA DE SISTEMAS,CUSCO,A,CUSCO,SOLTERO(A),NO DEBE,EXAMEN ADMISION ORDINARIO,DESTACADO,PRIVADA,CUSCO,Z,FEMENINO
54,CUSCO,INGENIERIA DE SISTEMAS,CUSCO,A,WANCHAQ,SOLTERO(A),NO DEBE,EXAMEN ADMISION ORDINARIO,NO DESTACADO,PRIVADA,CUSCO,Z,MASCULINO
55,CUSCO,INGENIERIA DE SISTEMAS,CUSCO,A,SAN SEBASTIAN,SOLTERO(A),NO DEBE,EXAMEN ADMISION ORDINARIO,DESTACADO,PRIVADA,CUSCO,Z,MASCULINO
56,CUSCO,INGENIERIA DE SISTEMAS,CUSCO,B,CUSCO,SOLTERO(A),NO DEBE,EXAMEN ADMISION ORDINARIO,NO DESTACADO,PUBLICA,CUSCO,Z,MASCULINO
57,CUSCO,CONTABILIDAD,CUSCO,B,NaN,NaN,NO DEBE,EXAMEN ADMISION ORDINARIO,DESTACADO,PRIVADA,CUSCO,X,MASCULINO
58,CUSCO,CONTABILIDAD,CUSCO,C,CUSCO,SOLTERO(A),NO DEBE,EXAMEN ADMISION ORDINARIO,ESPERADO,PUBLICA,CUSCO,X,FEMENINO
59,CUSCO,CONTABILIDAD,CUSCO,C,NaN,NaN,PRIMERA CATEGORIA,EXAMEN ADMISION ORDINARIO,ESPERADO,PRIVADA,CUSCO,X,MASCULINO
60,CUSCO,INGENIERIA CIVIL,CUSCO,C,NaN,NaN,PRIMERA CATEGORIA,EXAMEN ADMISION ORDINARIO,DESTACADO,PRIVADA,CUSCO,X,MASCULINO
61,CUSCO,CONTABILIDAD,CUSCO,A,CUSCO,SOLTERO(A),NO DEBE,OTRAS MODALIDADES,NO DESTACADO,PRIVADA,CUSCO,Z,FEMENINO
62,CUSCO,CONTABILIDAD,CUSCO,A,CUSCO,SOLTERO(A),PRIMERA CATEGORIA,EXAMEN ADMISION ORDINARIO,NO DESTACADO,PRIVADA,CUSCO,Z,FEMENINO
63,CUSCO,CONTABILIDAD,CUSCO,A,NaN,NaN,NO DEBE,EXAMEN ADMISION ORDINARIO,NO DESTACADO,PRIVADA,CUSCO,Z,FEMENINO
64,CUSCO,CONTABILIDAD,CUSCO,A,NaN,NaN,PRIMERA CATEGORIA,EXAMEN ADMISION ORDINARIO,NO DESTACADO,PRIVADA,CUSCO,Z,FEMENINO
65,CUSCO,CONTABILIDAD,CUSCO,A,WANCHAQ,SOLTERO(A),NO DEBE,EXAMEN ADMISION ORDINARIO,NO DESTACADO,PRIVADA,CUSCO,Z,FEMENINO
66,CUSCO,INGENIERIA CIVIL,CUSCO,A,SAN SEBASTIAN,SOLTERO(A),NO DEBE,EXAMEN ADMISION ORDINARIO,NO DESTACADO,PRIVADA,CUSCO,Z,MASCULINO
67,CUSCO,INGENIERIA CIVIL,CUSCO,A,CUSCO,SOLTERO(A),NO DEBE,EXAMEN ADMISION ORDINARIO,NO DESTACADO,PRIVADA,CUSCO,Z,MASCULINO
68,CUSCO,INGENIERIA CIVIL,CUSCO,A,NaN,NaN,NO DEBE,OTRAS MODALIDADES,NO DESTACADO,PRIVADA,CUSCO,Z,MASCULINO
69,CUSCO,INGENIERIA CIVIL,CUSCO,A,CUSCO,SOLTERO(A),PRIMERA CATEGORIA,EXAMEN ADMISION ORDINARIO,NO DESTACADO,PRIVADA,CUSCO,Z,MASCULINO
70,CUSCO,INGENIERIA CIVIL,CUSCO,B,SAN JERONIMO,SOLTERO(A),NO DEBE,OTRAS MODALIDADES,NO DESTACADO,PRIVADA,CUSCO,Z,MASCULINO
71,CUSCO,INGENIERIA CIVIL,CUSCO,A,CUSCO,SOLTERO(A),TERCERA CATEGORIA,EXAMEN ADMISION ORDINARIO,NO DESTACADO,PRIVADA,CUSCO,Z,MASCULINO
72,CUSCO,INGENIERIA CIVIL,CUSCO,A,SAN JERONIMO,SOLTERO(A),NO DEBE,EXAMEN ADMISION ORDINARIO,NO DESTACADO,PRIVADA,CUSCO,Z,MASCULINO
73,CUSCO,INGENIERIA CIVIL,CUSCO,B,CUSCO,SOLTERO(A),NO DEBE,EXAMEN ADMISION ORDINARIO,NO DESTACADO,PRIVADA,CUSCO,Z,MASCULINO
74,CUSCO,INGENIERIA CIVIL,CUSCO,B,NaN,NaN,NO DEBE,EXAMEN ADMISION ORDINARIO,NO DESTACADO,PRIVADA,CUSCO,Z,MASCULINO
75,CUSCO,INGENIERIA DE SISTEMAS,CUSCO,A,CUSCO,SOLTERO(A),NO DEBE,EXAMEN ADMISION ORDINARIO,NO DESTACADO,PRIVADA,CUSCO,Z,MASCULINO
76,CUSCO,INGENIERIA DE SISTEMAS,CUSCO,A,CUSCO,SOLTERO(A),NO DEBE,OTRAS MODALIDADES,NO DESTACADO,PRIVADA,CUSCO,Z,MASCULINO
77,CUSCO,INGENIERIA DE SISTEMAS,CUSCO,A,CUSCO,SOLTERO(A),NO DEBE,EXAMEN ADMISION ORDINARIO,NO DESTACADO,PRIVADA,CUSCO,Z,MASCULINO
78,CUSCO,INGENIERIA DE SISTEMAS,CUSCO,A,CUSCO,SOLTERO(A),NO DEBE,EXAMEN ADMISION ORDINARIO,NO DESTACADO,PRIVADA,CUSCO,Z,MASCULINO
79,CUSCO,INGENIERIA DE SISTEMAS,CUSCO,A,CUSCO,SOLTERO(A),NO DEBE,EXAMEN ADMISION ORDINARIO,NO DESTACADO,PUBLICA,CUSCO,Z,MASCULINO
80,CUSCO,INGENIERIA DE SISTEMAS,CUSCO,A,NaN,NaN,NO DEBE,EXAMEN ADMISION ORDINARIO,NO DESTACADO,PRIVADA,CUSCO,Z,MASCULINO
81,CUSCO,INGENIERIA DE SISTEMAS,CUSCO,A,CUSCO,SOLTERO(A),NO DEBE,EXAMEN ADMISION ORDINARIO,NO DESTACADO,PUBLICA,CUSCO,Z,MASCULINO
82,CUSCO,INGENIERIA DE SISTEMAS,CUSCO,A,NaN,NaN,NO DEBE,EXAMEN ADMISION ORDINARIO,NO DESTACADO,PRIVADA,CUSCO,Z,MASCULINO
83,CUSCO,TURISMO,CUSCO,A,SAN SEBASTIAN,SOLTERO(A),NO DEBE,EXAMEN ADMISION ORDINARIO,NO DESTACADO,PRIVADA,CUSCO,Z,MASCULINO
84,CUSCO,TURISMO,CUSCO,B,NaN,NaN,PRIMERA CATEGORIA,EXAMEN ADMISION ORDINARIO,NO DESTACADO,PRIVADA,CUSCO,Z,MASCULINO
85,CUSCO,TURISMO,CUSCO,A,NaN,NaN,NO DEBE,EXAMEN ADMISION ORDINARIO,NO DESTACADO,PRIVADA,CUSCO,Z,MASCULINO
86,CUSCO,TURISMO,CUSCO,A,SAN SEBASTIAN,SOLTERO(A),TERCERA CATEGORIA,EXAMEN ADMISION ORDINARIO,NO DESTACADO,PRIVADA,CUSCO,Z,MASCULINO
87,CUSCO,TURISMO,CUSCO,A,WANCHAQ,SOLTERO(A),NO DEBE,EXAMEN ADMISION ORDINARIO,NO DESTACADO,PRIVADA,CUSCO,Z,MASCULINO
88,CUSCO,TURISMO,CUSCO,A,CUSCO,SOLTERO(A),NO DEBE,OTRAS MODALIDADES,NO DESTACADO,PRIVADA,CUSCO,Z,FEMENINO
89,CUSCO,TURISMO,CUSCO,A,NaN,NaN,NO DEBE,EXAMEN ADMISION ORDINARIO,NO DESTACADO,PRIVADA,CUSCO,Z,FEMENINO
90,CUSCO,TURISMO,CUSCO,A,SAN JERONIMO,SOLTERO(A),CUARTA CATEGORIA,EXAMEN ADMISION ORDINARIO,NO DESTACADO,PRIVADA,CUSCO,Z,FEMENINO
91,CUSCO,TURISMO,CUSCO,A,WANCHAQ,SOLTERO(A),NO DEBE,OTRAS MODALIDADES,NO DESTACADO,PUBLICA,CUSCO,Z,MASCULINO
92,CUSCO,TURISMO,CUSCO,A,CUSCO,SOLTERO(A),NO DEBE,EXAMEN ADMISION ORDINARIO,NO DESTACADO,PRIVADA,CUSCO,Z,FEMENINO
93,CUSCO,TURISMO,CUSCO,A,SAN SEBASTIAN,SOLTERO(A),NO DEBE,EXAMEN ADMISION ORDINARIO,NO DESTACADO,PRIVADA,CUSCO,Z,FEMENINO
94,CUSCO,TURISMO,CUSCO,A,WANCHAQ,SOLTERO(A),NO DEBE,EXAMEN ADMISION ORDINARIO,NO DESTACADO,PRIVADA,CUSCO,Z,MASCULINO
95,CUSCO,CONTABILIDAD,CUSCO,B,SAN JERONIMO,SOLTERO(A),SEGUNDA CATEGORIA,EXAMEN ADMISION ORDINARIO,ESPERADO,PUBLICA,CUSCO,Y,MASCULINO
96,CUSCO,CONTABILIDAD,CUSCO,C,WANCHAQ,SOLTERO(A),NO DEBE,EXAMEN ADMISION ORDINARIO,ESPERADO,PUBLICA,CUSCO,X,FEMENINO
97,CUSCO,CONTABILIDAD,CUSCO,C,NaN,NaN,PRIMERA CATEGORIA,EXAMEN ADMISION ORDINARIO,ESPERADO,PUBLICA,CUSCO,X,FEMENINO
98,CUSCO,CONTABILIDAD,CUSCO,B,CUSCO,SOLTERO(A),NO DEBE,EXAMEN ADMISION ORDINARIO,DESTACADO,PUBLICA,CUSCO,Y,MASCULINO
99,CUSCO,CONTABILIDAD,CUSCO,B,NaN,NaN,NO DEBE,EXAMEN ADMISION ORDINARIO,ESPERADO,PUBLICA,CUSCO,Y,MASCULINO
100,CUSCO,CONTABILIDAD,CUSCO,A,NaN,NaN,PRIMERA CATEGORIA,EXAMEN ADMISION ORDINARIO,ESPERADO,PUBLICA,CUSCO,Z,FEMENINO
101,CUSCO,CONTABILIDAD,CUSCO,B,SANTIAGO,SOLTERO(A),PRIMERA CATEGORIA,EXAMEN ADMISION ORDINARIO,ESPERADO,PRIVADA,CUSCO,Z,MASCULINO
102,CUSCO,CONTABILIDAD,CUSCO,C,CUSCO,SOLTERO(A),NO DEBE,EXAMEN ADMISION ORDINARIO,ESPERADO,PUBLICA,CUSCO,X,MASCULINO
103,CUSCO,CONTABILIDAD,CUSCO,B,WANCHAQ,SOLTERO(A),NO DEBE,EXAMEN ADMISION ORDINARIO,ESPERADO,PRIVADA,CUSCO,Y,MASCULINO
104,CUSCO,CONTABILIDAD,CUSCO,B,WANCHAQ,SOLTERO(A),NO DEBE,EXAMEN ADMISION ORDINARIO,ESPERADO,PUBLICA,CUSCO,Y,FEMENINO
105,CUSCO,CONTABILIDAD,CUSCO,C,WANCHAQ,SOLTERO(A),NO DEBE,EXAMEN ADMISION ORDINARIO,ESPERADO,PUBLICA,CUSCO,X,FEMENINO
106,CUSCO,CONTABILIDAD,CUSCO,A,CUSCO,SOLTERO(A),NO DEBE,EXAMEN ADMISION ORDINARIO,DESTACADO,PRIVADA,CUSCO,Y,MASCULINO
107,CUSCO,CONTABILIDAD,CUSCO,A,WANCHAQ,SOLTERO(A),NO DEBE,EXAMEN ADMISION ORDINARIO,ESPERADO,PUBLICA,CUSCO,Z,FEMENINO
108,CUSCO,CONTABILIDAD,CUSCO,C,CUSCO,SOLTERO(A),NO DEBE,EXAMEN ADMISION ORDINARIO,DESTACADO,PRIVADA,CUSCO,X,FEMENINO
109,CUSCO,CONTABILIDAD,CUSCO,B,CUSCO,SOLTERO(A),NO DEBE,EXAMEN ADMISION ORDINARIO,ESPERADO,PRIVADA,CUSCO,Y,MASCULINO
110,CUSCO,CONTABILIDAD,CUSCO,B,NaN,NaN,NO DEBE,OTRAS MODALIDADES,ESPERADO,PRIVADA,CUSCO,Y,MASCULINO
111,CUSCO,CONTABILIDAD,CUSCO,C,CUSCO,SOLTERO(A),NO DEBE,EXAMEN ADMISION ORDINARIO,DESTACADO,PUBLICA,CUSCO,X,MASCULINO
112,CUSCO,CONTABILIDAD,CUSCO,C,WANCHAQ,SOLTERO(A),NO DEBE,EXAMEN ADMISION ORDINARIO,ESPERADO,PRIVADA,CUSCO,X,MASCULINO
113,CUSCO,CONTABILIDAD,CUSCO,B,WANCHAQ,SOLTERO(A),NO DEBE,EXAMEN ADMISION ORDINARIO,DESTACADO,PUBLICA,CUSCO,Y,FEMENINO
114,CUSCO,CONTABILIDAD,CUSCO,B,NaN,NaN,NO DEBE,EXAMEN ADMISION ORDINARIO,ESPERADO,PUBLICA,CUSCO,Y,MASCULINO
115,CUSCO,CONTABILIDAD,CUSCO,C,CUSCO,SOLTERO(A),NO DEBE,EXAMEN ADMISION ORDINARIO,ESPERADO,PRIVADA,CUSCO,X,FEMENINO
116,CUSCO,CONTABILIDAD,CUSCO,C,SAN JERONIMO,SOLTERO(A),NO DEBE,EXAMEN ADMISION ORDINARIO,DESTACADO,PRIVADA,CUSCO,X,FEMENINO
117,CUSCO,CONTABILIDAD,CUSCO,B,CUSCO,SOLTERO(A),PRIMERA CATEGORIA,EXAMEN ADMISION ORDINARIO,DESTACADO,PUBLICA,CUSCO,Y,FEMENINO
118,CUSCO,CONTABILIDAD,CUSCO,B,WANCHAQ,SOLTERO(A),NO DEBE,OTRAS MODALIDADES,ESPERADO,PUBLICA,CUSCO,Y,MASCULINO
119,CUSCO,INGENIERIA CIVIL,CUSCO,C,SANTIAGO,SOLTERO(A),TERCERA CATEGORIA,EXAMEN ADMISION ORDINARIO,DESTACADO,PRIVADA,CUSCO,X,MASCULINO
120,CUSCO,INGENIERIA CIVIL,CUSCO,B,SAN SEBASTIAN,SOLTERO(A),NO DEBE,OTRAS MODALIDADES,ESPERADO,PRIVADA,CUSCO,Y,MASCULINO
121,CUSCO,INGENIERIA CIVIL,CUSCO,A,WANCHAQ,SOLTERO(A),NO DEBE,EXAMEN ADMISION ORDINARIO,DESTACADO,PRIVADA,CUSCO,Z,FEMENINO
122,CUSCO,INGENIERIA CIVIL,CUSCO,C,WANCHAQ,SOLTERO(A),PRIMERA CATEGORIA,EXAMEN ADMISION ORDINARIO,DESTACADO,PRIVADA,CUSCO,X,FEMENINO
123,CUSCO,INGENIERIA CIVIL,CUSCO,B,CUSCO,SOLTERO(A),NO DEBE,EXAMEN ADMISION ORDINARIO,DESTACADO,PRIVADA,CUSCO,Z,MASCULINO
124,CUSCO,INGENIERIA CIVIL,CUSCO,C,NaN,NaN,PRIMERA CATEGORIA,OTRAS MODALIDADES,ESPERADO,PUBLICA,CUSCO,X,FEMENINO
125,CUSCO,INGENIERIA CIVIL,CUSCO,B,NaN,NaN,NO DEBE,EXAMEN ADMISION ORDINARIO,DESTACADO,PRIVADA,CUSCO,Y,MASCULINO
126,CUSCO,INGENIERIA CIVIL,CUSCO,C,WANCHAQ,SOLTERO(A),NO DEBE,EXAMEN ADMISION ORDINARIO,DESTACADO,PUBLICA,CUSCO,X,MASCULINO
127,CUSCO,INGENIERIA CIVIL,CUSCO,C,SANTIAGO,SOLTERO(A),TERCERA CATEGORIA,EXAMEN ADMISION ORDINARIO,DESTACADO,PRIVADA,CUSCO,X,MASCULINO
128,CUSCO,INGENIERIA CIVIL,CUSCO,B,SAN SEBASTIAN,SOLTERO(A),NO DEBE,EXAMEN ADMISION ORDINARIO,DESTACADO,PRIVADA,OTROS DISTRITOS,Y,MASCULINO
129,CUSCO,INGENIERIA CIVIL,CUSCO,B,WANCHAQ,SOLTERO(A),NO DEBE,EXAMEN ADMISION ORDINARIO,DESTACADO,PRIVADA,CUSCO,Z,MASCULINO
130,CUSCO,INGENIERIA CIVIL,CUSCO,B,CUSCO,SOLTERO(A),PRIMERA CATEGORIA,OTRAS MODALIDADES,ESPERADO,PUBLICA,CUSCO,Y,MASCULINO
131,CUSCO,INGENIERIA CIVIL,CUSCO,C,WANCHAQ,SOLTERO(A),NO DEBE,EXAMEN ADMISION ORDINARIO,DESTACADO,PRIVADA,CUSCO,X,MASCULINO
132,CUSCO,INGENIERIA CIVIL,CUSCO,A,CUSCO,SOLTERO(A),PRIMERA CATEGORIA,EXAMEN ADMISION ORDINARIO,ESPERADO,PRIVADA,CUSCO,Z,MASCULINO
133,CUSCO,INGENIERIA CIVIL,CUSCO,B,WANCHAQ,SOLTERO(A),NO DEBE,OTRAS MODALIDADES,ESPERADO,PRIVADA,CUSCO,Y,MASCULINO
134,CUSCO,INGENIERIA CIVIL,CUSCO,C,WANCHAQ,SOLTERO(A),NO DEBE,EXAMEN ADMISION ORDINARIO,DESTACADO,PUBLICA,CUSCO,X,MASCULINO
135,CUSCO,INGENIERIA CIVIL,CUSCO,B,CUSCO,SOLTERO(A),NO DEBE,EXAMEN ADMISION ORDINARIO,DESTACADO,PUBLICA,CUSCO,Y,FEMENINO
136,CUSCO,INGENIERIA CIVIL,CUSCO,B,SAN JERONIMO,SOLTERO(A),NO DEBE,OTRAS MODALIDADES,ESPERADO,PRIVADA,CUSCO,Y,MASCULINO
137,CUSCO,INGENIERIA CIVIL,CUSCO,A,WANCHAQ,SOLTERO(A),NO DEBE,EXAMEN ADMISION ORDINARIO,DESTACADO,PRIVADA,CUSCO,Y,MASCULINO
138,CUSCO,INGENIERIA CIVIL,CUSCO,A,WANCHAQ,SOLTERO(A),NO DEBE,EXAMEN ADMISION ORDINARIO,DESTACADO,PRIVADA,CUSCO,Y,FEMENINO
139,CUSCO,INGENIERIA CIVIL,CUSCO,B,SAN JERONIMO,SOLTERO(A),NO DEBE,EXAMEN ADMISION ORDINARIO,DESTACADO,PRIVADA,CUSCO,Z,MASCULINO
140,CUSCO,INGENIERIA CIVIL,CUSCO,C,SAN SEBASTIAN,SOLTERO(A),NO DEBE,EXAMEN ADMISION ORDINARIO,DESTACADO,PRIVADA,CUSCO,X,MASCULINO
141,CUSCO,INGENIERIA CIVIL,CUSCO,A,CUSCO,SOLTERO(A),NO DEBE,EXAMEN ADMISION ORDINARIO,DESTACADO,PRIVADA,CUSCO,Z,MASCULINO
142,CUSCO,INGENIERIA CIVIL,CUSCO,C,CUSCO,SOLTERO(A),PRIMERA CATEGORIA,EXAMEN ADMISION ORDINARIO,DESTACADO,PRIVADA,CUSCO,X,MASCULINO
143,CUSCO,INGENIERIA CIVIL,CUSCO,C,CUSCO,SOLTERO(A),NO DEBE,EXAMEN ADMISION ORDINARIO,DESTACADO,PUBLICA,CUSCO,X,FEMENINO
144,CUSCO,INGENIERIA CIVIL,CUSCO,A,WANCHAQ,SOLTERO(A),NO DEBE,EXAMEN ADMISION ORDINARIO,DESTACADO,PUBLICA,CUSCO,Z,FEMENINO
145,CUSCO,INGENIERIA CIVIL,CUSCO,A,SAN JERONIMO,SOLTERO(A),NO DEBE,EXAMEN ADMISION ORDINARIO,ESPERADO,PUBLICA,CUSCO,Z,FEMENINO
146,CUSCO,INGENIERIA CIVIL,CUSCO,B,SAN JERONIMO,SOLTERO(A),NO DEBE,OTRAS MODALIDADES,ESPERADO,PRIVADA,OTROS DISTRITOS,Y,MASCULINO
147,CUSCO,INGENIERIA CIVIL,CUSCO,C,WANCHAQ,SOLTERO(A),NO DEBE,EXAMEN ADMISION ORDINARIO,DESTACADO,PUBLICA,CUSCO,X,MASCULINO
148,CUSCO,INGENIERIA CIVIL,CUSCO,B,WANCHAQ,SOLTERO(A),NO DEBE,EXAMEN ADMISION ORDINARIO,ESPERADO,PRIVADA,CUSCO,Z,MASCULINO
149,CUSCO,INGENIERIA DE SISTEMAS,CUSCO,A,WANCHAQ,SOLTERO(A),NO DEBE,EXAMEN ADMISION ORDINARIO,ESPERADO,PRIVADA,CUSCO,Z,MASCULINO
150,CUSCO,INGENIERIA DE SISTEMAS,CUSCO,B,SAN JERONIMO,SOLTERO(A),NO DEBE,EXAMEN ADMISION ORDINARIO,ESPERADO,PRIVADA,CUSCO,Y,FEMENINO
151,CUSCO,INGENIERIA DE SISTEMAS,CUSCO,B,WANCHAQ,SOLTERO(A),NO DEBE,EXAMEN ADMISION ORDINARIO,DESTACADO,PRIVADA,CUSCO,Y,MASCULINO
152,CUSCO,INGENIERIA DE SISTEMAS,CUSCO,A,WANCHAQ,SOLTERO(A),NO DEBE,EXAMEN ADMISION ORDINARIO,ESPERADO,PRIVADA,CUSCO,Z,MASCULINO
153,CUSCO,INGENIERIA DE SISTEMAS,CUSCO,A,CUSCO,SOLTERO(A),NO DEBE,EXAMEN ADMISION ORDINARIO,ESPERADO,PUBLICA,CUSCO,Z,MASCULINO
154,CUSCO,INGENIERIA DE SISTEMAS,CUSCO,A,SAN JERONIMO,SOLTERO(A),NO DEBE,EXAMEN ADMISION ORDINARIO,DESTACADO,PRIVADA,CUSCO,Z,MASCULINO
155,CUSCO,INGENIERIA DE SISTEMAS,CUSCO,A,NaN,NaN,NO DEBE,EXAMEN ADMISION ORDINARIO,ESPERADO,PRIVADA,CUSCO,Z,MASCULINO
156,CUSCO,INGENIERIA DE SISTEMAS,CUSCO,C,NaN,NaN,PRIMERA CATEGORIA,EXAMEN ADMISION ORDINARIO,ESPERADO,PUBLICA,CUSCO,X,MASCULINO
157,CUSCO,INGENIERIA DE SISTEMAS,CUSCO,B,SAN JERONIMO,SOLTERO(A),NO DEBE,EXAMEN ADMISION ORDINARIO,NO DESTACADO,PRIVADA,CUSCO,Z,FEMENINO
158,CUSCO,INGENIERIA DE SISTEMAS,CUSCO,C,SAN JERONIMO,SOLTERO(A),NO DEBE,EXAMEN ADMISION ORDINARIO,ESPERADO,PRIVADA,CUSCO,X,MASCULINO
159,CUSCO,INGENIERIA DE SISTEMAS,CUSCO,C,SAN JERONIMO,SOLTERO(A),NO DEBE,EXAMEN ADMISION ORDINARIO,DESTACADO,PRIVADA,CUSCO,X,MASCULINO
160,CUSCO,INGENIERIA DE SISTEMAS,CUSCO,B,SAN JERONIMO,SOLTERO(A),PRIMERA CATEGORIA,EXAMEN ADMISION ORDINARIO,ESPERADO,PRIVADA,CUSCO,Y,MASCULINO
161,CUSCO,TURISMO,CUSCO,B,WANCHAQ,SOLTERO(A),NO DEBE,EXAMEN ADMISION ORDINARIO,ESPERADO,PRIVADA,CUSCO,Y,FEMENINO
162,CUSCO,TURISMO,CUSCO,C,NaN,NaN,PRIMERA CATEGORIA,EXAMEN ADMISION ORDINARIO,ESPERADO,PUBLICA,CUSCO,X,FEMENINO
163,CUSCO,TURISMO,CUSCO,A,CUSCO,SOLTERO(A),NO DEBE,EXAMEN ADMISION ORDINARIO,ESPERADO,PUBLICA,CUSCO,Z,FEMENINO
164,CUSCO,TURISMO,CUSCO,B,CUSCO,SOLTERO(A),PRIMERA CATEGORIA,EXAMEN ADMISION ORDINARIO,ESPERADO,PRIVADA,CUSCO,Y,FEMENINO
165,CUSCO,TURISMO,CUSCO,A,NaN,SOLTERO(A),NO DEBE,EXAMEN ADMISION ORDINARIO,ESPERADO,PUBLICA,CUSCO,Z,MASCULINO
166,CUSCO,TURISMO,CUSCO,A,NaN,NaN,SEGUNDA CATEGORIA,EXAMEN ADMISION ORDINARIO,ESPERADO,PUBLICA,CUSCO,Z,FEMENINO
167,CUSCO,TURISMO,CUSCO,A,NaN,NaN,NO DEBE,EXAMEN ADMISION ORDINARIO,ESPERADO,PRIVADA,CUSCO,Z,MASCULINO
168,CUSCO,TURISMO,CUSCO,C,CUSCO,SOLTERO(A),NO DEBE,EXAMEN ADMISION ORDINARIO,ESPERADO,PRIVADA,CUSCO,X,MASCULINO
169,CUSCO,TURISMO,CUSCO,B,CUSCO,SOLTERO(A),NO DEBE,EXAMEN ADMISION ORDINARIO,ESPERADO,PUBLICA,CUSCO,Z,FEMENINO
170,CUSCO,TURISMO,CUSCO,C,WANCHAQ,OTROS,NO DEBE,EXAMEN ADMISION ORDINARIO,DESTACADO,PRIVADA,CUSCO,X,MASCULINO
171,CUSCO,TURISMO,CUSCO,B,CUSCO,SOLTERO(A),NO DEBE,EXAMEN ADMISION ORDINARIO,ESPERADO,PUBLICA,CUSCO,Y,FEMENINO
172,CUSCO,TURISMO,CUSCO,C,SAN JERONIMO,SOLTERO(A),NO DEBE,EXAMEN ADMISION ORDINARIO,ESPERADO,PUBLICA,CUSCO,X,MASCULINO
173,CUSCO,TURISMO,CUSCO,C,CUSCO,SOLTERO(A),NO DEBE,EXAMEN ADMISION ORDINARIO,DESTACADO,PUBLICA,CUSCO,X,MASCULINO
174,CUSCO,TURISMO,CUSCO,C,NaN,NaN,NO DEBE,EXAMEN ADMISION ORDINARIO,ESPERADO,PRIVADA,CUSCO,Z,FEMENINO
175,CUSCO,TURISMO,CUSCO,B,CUSCO,SOLTERO(A),PRIMERA CATEGORIA,EXAMEN ADMISION ORDINARIO,DESTACADO,PRIVADA,CUSCO,Y,FEMENINO
176,CUSCO,TURISMO,CUSCO,C,CUSCO,SOLTERO(A),SEGUNDA CATEGORIA,EXAMEN ADMISION ORDINARIO,NO DESTACADO,PUBLICA,CUSCO,X,MASCULINO
177,CUSCO,CONTABILIDAD,CUSCO,C,WANCHAQ,OTROS,SEGUNDA CATEGORIA,OTRAS MODALIDADES,ESPERADO,PRIVADA,CUSCO,X,FEMENINO
178,CUSCO,CONTABILIDAD,CUSCO,C,WANCHAQ,SOLTERO(A),SEGUNDA CATEGORIA,OTRAS MODALIDADES,DESTACADO,PRIVADA,CUSCO,X,FEMENINO
179,CUSCO,CONTABILIDAD,CUSCO,C,CUSCO,SOLTERO(A),NO DEBE,OTRAS MODALIDADES,ESPERADO,PRIVADA,CUSCO,X,FEMENINO
180,CUSCO,TURISMO,CUSCO,B,SAN JERONIMO,SOLTERO(A),NO DEBE,OTRAS MODALIDADES,ESPERADO,PRIVADA,CUSCO,Z,MASCULINO
181,CUSCO,CONTABILIDAD,CUSCO,C,SAN JERONIMO,SOLTERO(A),PRIMERA CATEGORIA,OTRAS MODALIDADES,DESTACADO,PUBLICA,CUSCO,X,MASCULINO
182,CUSCO,INGENIERIA DE SISTEMAS,CUSCO,C,SAN SEBASTIAN,SOLTERO(A),NO DEBE,OTRAS MODALIDADES,ESPERADO,PUBLICA,CUSCO,X,FEMENINO
183,OTRAS SEDES,CONTABILIDAD,CUSCO,A,QUILLABAMBA,SOLTERO(A),NO DEBE,EXAMEN ADMISION ORDINARIO,NO DESTACADO,PUBLICA,CUSCO,Z,MASCULINO
184,OTRAS SEDES,CONTABILIDAD,CUSCO,A,QUILLABAMBA,SOLTERO(A),NO DEBE,EXAMEN ADMISION ORDINARIO,NO DESTACADO,PUBLICA,CUSCO,Z,MASCULINO
185,OTRAS SEDES,CONTABILIDAD,CUSCO,C,QUILLABAMBA,SOLTERO(A),SEGUNDA CATEGORIA,EXAMEN ADMISION ORDINARIO,NO DESTACADO,PUBLICA,CUSCO,X,FEMENINO
186,OTRAS SEDES,CONTABILIDAD,CUSCO,A,QUILLABAMBA,SOLTERO(A),PRIMERA CATEGORIA,EXAMEN ADMISION ORDINARIO,NO DESTACADO,PUBLICA,CUSCO,Z,FEMENINO
187,OTRAS SEDES,CONTABILIDAD,CUSCO,B,QUILLABAMBA,SOLTERO(A),NO DEBE,EXAMEN ADMISION ORDINARIO,NO DESTACADO,PUBLICA,CUSCO,Y,FEMENINO
188,OTRAS SEDES,CONTABILIDAD,CUSCO,B,NaN,NaN,PRIMERA CATEGORIA,EXAMEN ADMISION ORDINARIO,NO DESTACADO,PRIVADA,CUSCO,Z,FEMENINO
189,CUSCO,CONTABILIDAD,CUSCO,B,WANCHAQ,SOLTERO(A),NO DEBE,EXAMEN ADMISION ORDINARIO,NO DESTACADO,PUBLICA,CUSCO,Z,FEMENINO
190,OTRAS SEDES,CONTABILIDAD,CUSCO,C,NaN,NaN,PRIMERA CATEGORIA,EXAMEN ADMISION ORDINARIO,NO DESTACADO,PUBLICA,CUSCO,X,FEMENINO
191,OTRAS SEDES,CONTABILIDAD,CUSCO,C,PUERTO MALDONaNDO,SOLTERO(A),NO DEBE,EXAMEN ADMISION ORDINARIO,NO DESTACADO,PUBLICA,CUSCO,X,MASCULINO
192,CUSCO,CONTABILIDAD,CUSCO,C,CUSCO,SOLTERO(A),SEGUNDA CATEGORIA,EXAMEN ADMISION ORDINARIO,NO DESTACADO,PUBLICA,CUSCO,X,FEMENINO
193,OTRAS SEDES,CONTABILIDAD,CUSCO,B,NaN,NaN,NO DEBE,EXAMEN ADMISION ORDINARIO,NO DESTACADO,PRIVADA,CUSCO,Y,MASCULINO
194,OTRAS SEDES,CONTABILIDAD,CUSCO,C,NaN,NaN,SEGUNDA CATEGORIA,EXAMEN ADMISION ORDINARIO,NO DESTACADO,PRIVADA,CUSCO,X,FEMENINO
195,CUSCO,CONTABILIDAD,CUSCO,C,CUSCO,SOLTERO(A),PRIMERA CATEGORIA,EXAMEN ADMISION ORDINARIO,NO DESTACADO,PRIVADA,CUSCO,Y,MASCULINO
196,OTRAS SEDES,INGENIERIA DE SISTEMAS,CUSCO,C,NaN,NaN,PRIMERA CATEGORIA,EXAMEN ADMISION ORDINARIO,NO DESTACADO,PRIVADA,CUSCO,X,MASCULINO
197,OTRAS SEDES,INGENIERIA DE SISTEMAS,CUSCO,C,NaN,NaN,PRIMERA CATEGORIA,EXAMEN ADMISION ORDINARIO,NO DESTACADO,PUBLICA,CUSCO,X,MASCULINO
198,CUSCO,CONTABILIDAD,CUSCO,B,WANCHAQ,SOLTERO(A),NO DEBE,OTRAS MODALIDADES,ESPERADO,PRIVADA,CUSCO,X,MASCULINO
199,CUSCO,CONTABILIDAD,CUSCO,A,SAN JERONIMO,SOLTERO(A),PRIMERA CATEGORIA,EXAMEN ADMISION ORDINARIO,NO DESTACADO,PRIVADA,CUSCO,Z,MASCULINO
200,CUSCO,INGENIERIA DE SISTEMAS,CUSCO,A,SAN JERONIMO,SOLTERO(A),PRIMERA CATEGORIA,EXAMEN ADMISION ORDINARIO,NO DESTACADO,PRIVADA,CUSCO,Z,MASCULINO
201,CUSCO,INGENIERIA DE SISTEMAS,CUSCO,A,NaN,NaN,PRIMERA CATEGORIA,EXAMEN ADMISION ORDINARIO,NO DESTACADO,PRIVADA,CUSCO,Z,MASCULINO
202,CUSCO,CONTABILIDAD,CUSCO,C,CUSCO,SOLTERO(A),NO DEBE,EXAMEN ADMISION ORDINARIO,ESPERADO,PUBLICA,CUSCO,Y,MASCULINO
203,CUSCO,CONTABILIDAD,CUSCO,B,CUSCO,SOLTERO(A),NO DEBE,EXAMEN ADMISION ORDINARIO,ESPERADO,PUBLICA,CUSCO,Y,FEMENINO
204,CUSCO,CONTABILIDAD,CUSCO,C,NaN,NaN,PRIMERA CATEGORIA,EXAMEN ADMISION ORDINARIO,ESPERADO,PUBLICA,CUSCO,Y,MASCULINO
205,CUSCO,INGENIERIA CIVIL,CUSCO,C,SAN JERONIMO,SOLTERO(A),NO DEBE,EXAMEN ADMISION ORDINARIO,ESPERADO,PUBLICA,OTROS DISTRITOS,X,MASCULINO
206,CUSCO,INGENIERIA DE SISTEMAS,CUSCO,B,SANTIAGO,SOLTERO(A),PRIMERA CATEGORIA,EXAMEN ADMISION ORDINARIO,ESPERADO,PUBLICA,CUSCO,Y,MASCULINO
207,CUSCO,TURISMO,CUSCO,B,SAN JERONIMO,SOLTERO(A),NO DEBE,EXAMEN ADMISION ORDINARIO,ESPERADO,PUBLICA,CUSCO,Y,FEMENINO
208,CUSCO,TURISMO,CUSCO,B,SAN JERONIMO,SOLTERO(A),NO DEBE,OTRAS MODALIDADES,ESPERADO,PUBLICA,CUSCO,Y,FEMENINO
209,CUSCO,TURISMO,CUSCO,B,NaN,NaN,NO DEBE,EXAMEN ADMISION ORDINARIO,ESPERADO,PUBLICA,CUSCO,Y,FEMENINO
210,CUSCO,TURISMO,CUSCO,B,NaN,NaN,SEGUNDA CATEGORIA,EXAMEN ADMISION ORDINARIO,ESPERADO,PRIVADA,CUSCO,Z,MASCULINO
211,CUSCO,CONTABILIDAD,CUSCO,B,NaN,NaN,PRIMERA CATEGORIA,EXAMEN ADMISION ORDINARIO,ESPERADO,PUBLICA,CUSCO,X,FEMENINO
212,CUSCO,INGENIERIA CIVIL,CUSCO,A,SAN SEBASTIAN,SOLTERO(A),NO DEBE,OTRAS MODALIDADES,NO DESTACADO,PRIVADA,CUSCO,Z,MASCULINO
213,CUSCO,INGENIERIA CIVIL,CUSCO,A,SAN SEBASTIAN,SOLTERO(A),NO DEBE,EXAMEN ADMISION ORDINARIO,NO DESTACADO,PRIVADA,CUSCO,Z,MASCULINO
214,CUSCO,INGENIERIA DE SISTEMAS,CUSCO,A,SAN SEBASTIAN,SOLTERO(A),PRIMERA CATEGORIA,EXAMEN ADMISION ORDINARIO,NO DESTACADO,PUBLICA,CUSCO,Z,FEMENINO
215,CUSCO,TURISMO,CUSCO,B,WANCHAQ,SOLTERO(A),PRIMERA CATEGORIA,EXAMEN ADMISION ORDINARIO,NO DESTACADO,PUBLICA,CUSCO,Z,MASCULINO
216,CUSCO,CONTABILIDAD,CUSCO,B,SAN JERONIMO,SOLTERO(A),NO DEBE,EXAMEN ADMISION ORDINARIO,ESPERADO,PUBLICA,CUSCO,Z,FEMENINO
217,CUSCO,CONTABILIDAD,CUSCO,C,SAN JERONIMO,SOLTERO(A),NO DEBE,EXAMEN ADMISION ORDINARIO,DESTACADO,PUBLICA,CUSCO,X,FEMENINO
218,CUSCO,CONTABILIDAD,CUSCO,C,SAN SEBASTIAN,SOLTERO(A),TERCERA CATEGORIA,EXAMEN ADMISION ORDINARIO,ESPERADO,PRIVADA,CUSCO,X,MASCULINO
219,CUSCO,INGENIERIA CIVIL,CUSCO,A,SAN SEBASTIAN,SOLTERO(A),NO DEBE,EXAMEN ADMISION ORDINARIO,DESTACADO,PRIVADA,CUSCO,Z,FEMENINO
220,CUSCO,TURISMO,CUSCO,B,SAN SEBASTIAN,SOLTERO(A),NO DEBE,EXAMEN ADMISION ORDINARIO,ESPERADO,PUBLICA,CUSCO,Y,FEMENINO
221,CUSCO,CONTABILIDAD,CUSCO,A,NaN,NaN,PRIMERA CATEGORIA,EXAMEN ADMISION ORDINARIO,NO DESTACADO,PUBLICA,CUSCO,Z,MASCULINO
222,CUSCO,CONTABILIDAD,CUSCO,A,WANCHAQ,SOLTERO(A),PRIMERA CATEGORIA,EXAMEN ADMISION ORDINARIO,NO DESTACADO,PRIVADA,CUSCO,Z,MASCULINO
223,CUSCO,CONTABILIDAD,CUSCO,A,SAN JERONIMO,SOLTERO(A),SEGUNDA CATEGORIA,EXAMEN ADMISION ORDINARIO,NO DESTACADO,PRIVADA,CUSCO,Z,MASCULINO
224,CUSCO,INGENIERIA CIVIL,CUSCO,A,SANTIAGO,SOLTERO(A),NO DEBE,EXAMEN ADMISION ORDINARIO,NO DESTACADO,PRIVADA,CUSCO,Z,MASCULINO
225,CUSCO,INGENIERIA CIVIL,CUSCO,A,WANCHAQ,SOLTERO(A),NO DEBE,OTRAS MODALIDADES,NO DESTACADO,PUBLICA,CUSCO,Z,FEMENINO
226,CUSCO,INGENIERIA CIVIL,CUSCO,A,NaN,NaN,PRIMERA CATEGORIA,OTRAS MODALIDADES,NO DESTACADO,PUBLICA,CUSCO,Z,FEMENINO
227,CUSCO,INGENIERIA DE SISTEMAS,CUSCO,A,WANCHAQ,SOLTERO(A),NO DEBE,OTRAS MODALIDADES,NO DESTACADO,PRIVADA,CUSCO,Z,MASCULINO
228,CUSCO,INGENIERIA DE SISTEMAS,CUSCO,B,WANCHAQ,SOLTERO(A),NO DEBE,EXAMEN ADMISION ORDINARIO,NO DESTACADO,PRIVADA,CUSCO,Z,MASCULINO
229,CUSCO,INGENIERIA DE SISTEMAS,CUSCO,A,NaN,NaN,PRIMERA CATEGORIA,EXAMEN ADMISION ORDINARIO,NO DESTACADO,PRIVADA,CUSCO,Z,MASCULINO
230,CUSCO,INGENIERIA DE SISTEMAS,CUSCO,A,WANCHAQ,SOLTERO(A),NO DEBE,EXAMEN ADMISION ORDINARIO,NO DESTACADO,PRIVADA,CUSCO,Z,MASCULINO
231,CUSCO,INGENIERIA DE SISTEMAS,CUSCO,A,WANCHAQ,SOLTERO(A),NO DEBE,EXAMEN ADMISION ORDINARIO,NO DESTACADO,PRIVADA,CUSCO,Z,MASCULINO
232,CUSCO,INGENIERIA DE SISTEMAS,CUSCO,B,NaN,NaN,PRIMERA CATEGORIA,EXAMEN ADMISION ORDINARIO,NO DESTACADO,PRIVADA,CUSCO,Z,MASCULINO
233,CUSCO,TURISMO,CUSCO,B,NaN,NaN,NO DEBE,EXAMEN ADMISION ORDINARIO,NO DESTACADO,PRIVADA,CUSCO,Z,FEMENINO
234,CUSCO,TURISMO,CUSCO,A,SANTIAGO,SOLTERO(A),NO DEBE,EXAMEN ADMISION ORDINARIO,NO DESTACADO,PRIVADA,CUSCO,Z,MASCULINO
235,CUSCO,TURISMO,CUSCO,A,WANCHAQ,SOLTERO(A),NO DEBE,EXAMEN ADMISION ORDINARIO,NO DESTACADO,PRIVADA,CUSCO,Z,FEMENINO
236,CUSCO,TURISMO,CUSCO,B,NaN,NaN,TERCERA CATEGORIA,EXAMEN ADMISION ORDINARIO,NO DESTACADO,PRIVADA,CUSCO,Z,MASCULINO
237,CUSCO,CONTABILIDAD,CUSCO,C,SAN JERONIMO,SOLTERO(A),NO DEBE,EXAMEN ADMISION ORDINARIO,ESPERADO,PRIVADA,CUSCO,X,MASCULINO
238,CUSCO,CONTABILIDAD,CUSCO,B,SANTIAGO,SOLTERO(A),PRIMERA CATEGORIA,EXAMEN ADMISION ORDINARIO,ESPERADO,PRIVADA,CUSCO,Y,FEMENINO
239,CUSCO,CONTABILIDAD,CUSCO,C,NaN,NaN,PRIMERA CATEGORIA,EXAMEN ADMISION ORDINARIO,ESPERADO,PUBLICA,CUSCO,Y,FEMENINO
240,CUSCO,CONTABILIDAD,CUSCO,B,WANCHAQ,SOLTERO(A),PRIMERA CATEGORIA,EXAMEN ADMISION ORDINARIO,DESTACADO,PUBLICA,CUSCO,Y,MASCULINO
241,CUSCO,CONTABILIDAD,CUSCO,C,SANTIAGO,SOLTERO(A),NO DEBE,EXAMEN ADMISION ORDINARIO,DESTACADO,PUBLICA,CUSCO,X,FEMENINO
242,CUSCO,CONTABILIDAD,CUSCO,C,SANTIAGO,SOLTERO(A),NO DEBE,EXAMEN ADMISION ORDINARIO,ESPERADO,PUBLICA,CUSCO,X,FEMENINO
243,CUSCO,CONTABILIDAD,CUSCO,C,NaN,NaN,PRIMERA CATEGORIA,EXAMEN ADMISION ORDINARIO,ESPERADO,PUBLICA,CUSCO,X,FEMENINO
244,CUSCO,CONTABILIDAD,CUSCO,C,WANCHAQ,SOLTERO(A),NO DEBE,EXAMEN ADMISION ORDINARIO,ESPERADO,PUBLICA,CUSCO,X,FEMENINO
245,CUSCO,CONTABILIDAD,CUSCO,C,CUSCO,SOLTERO(A),NO DEBE,EXAMEN ADMISION ORDINARIO,ESPERADO,PUBLICA,CUSCO,X,FEMENINO
246,CUSCO,CONTABILIDAD,CUSCO,B,SANTIAGO,SOLTERO(A),NO DEBE,EXAMEN ADMISION ORDINARIO,ESPERADO,PRIVADA,CUSCO,Y,FEMENINO
247,CUSCO,CONTABILIDAD,CUSCO,A,WANCHAQ,SOLTERO(A),CUARTA CATEGORIA,EXAMEN ADMISION ORDINARIO,ESPERADO,PUBLICA,CUSCO,Z,FEMENINO
248,CUSCO,CONTABILIDAD,CUSCO,C,WANCHAQ,SOLTERO(A),PRIMERA CATEGORIA,EXAMEN ADMISION ORDINARIO,ESPERADO,PUBLICA,CUSCO,X,FEMENINO
249,CUSCO,CONTABILIDAD,CUSCO,B,WANCHAQ,SOLTERO(A),NO DEBE,EXAMEN ADMISION ORDINARIO,ESPERADO,PUBLICA,CUSCO,Y,FEMENINO
250,CUSCO,INGENIERIA CIVIL,CUSCO,C,SANTIAGO,SOLTERO(A),PRIMERA CATEGORIA,EXAMEN ADMISION ORDINARIO,DESTACADO,PUBLICA,CUSCO,X,MASCULINO
251,CUSCO,INGENIERIA CIVIL,CUSCO,C,SANTIAGO,SOLTERO(A),NO DEBE,EXAMEN ADMISION ORDINARIO,DESTACADO,PUBLICA,CUSCO,X,MASCULINO
252,CUSCO,INGENIERIA CIVIL,CUSCO,B,SAN SEBASTIAN,SOLTERO(A),NO DEBE,EXAMEN ADMISION ORDINARIO,DESTACADO,PRIVADA,CUSCO,Y,FEMENINO
253,CUSCO,INGENIERIA CIVIL,CUSCO,C,WANCHAQ,SOLTERO(A),NO DEBE,OTRAS MODALIDADES,ESPERADO,PRIVADA,CUSCO,X,MASCULINO
254,CUSCO,INGENIERIA CIVIL,CUSCO,C,SANTIAGO,SOLTERO(A),NO DEBE,EXAMEN ADMISION ORDINARIO,DESTACADO,PUBLICA,CUSCO,X,MASCULINO
255,CUSCO,INGENIERIA CIVIL,CUSCO,C,SAN JERONIMO,SOLTERO(A),NO DEBE,EXAMEN ADMISION ORDINARIO,DESTACADO,PUBLICA,CUSCO,X,MASCULINO
256,CUSCO,INGENIERIA CIVIL,CUSCO,C,WANCHAQ,SOLTERO(A),NO DEBE,EXAMEN ADMISION ORDINARIO,DESTACADO,PUBLICA,CUSCO,X,FEMENINO
257,CUSCO,INGENIERIA CIVIL,CUSCO,B,WANCHAQ,SOLTERO(A),NO DEBE,OTRAS MODALIDADES,ESPERADO,PUBLICA,CUSCO,Y,MASCULINO
258,CUSCO,INGENIERIA CIVIL,CUSCO,A,CUSCO,SOLTERO(A),NO DEBE,EXAMEN ADMISION ORDINARIO,DESTACADO,PRIVADA,CUSCO,Z,MASCULINO
259,CUSCO,INGENIERIA CIVIL,CUSCO,B,CUSCO,SOLTERO(A),SEGUNDA CATEGORIA,EXAMEN ADMISION ORDINARIO,DESTACADO,PUBLICA,CUSCO,Y,MASCULINO
260,CUSCO,INGENIERIA CIVIL,CUSCO,A,SANTIAGO,SOLTERO(A),NO DEBE,EXAMEN ADMISION ORDINARIO,DESTACADO,PRIVADA,CUSCO,Z,MASCULINO
261,CUSCO,INGENIERIA DE SISTEMAS,CUSCO,A,NaN,NaN,PRIMERA CATEGORIA,EXAMEN ADMISION ORDINARIO,DESTACADO,PRIVADA,CUSCO,Z,FEMENINO
262,CUSCO,INGENIERIA DE SISTEMAS,CUSCO,A,WANCHAQ,SOLTERO(A),NO DEBE,EXAMEN ADMISION ORDINARIO,ESPERADO,PRIVADA,CUSCO,Z,MASCULINO
263,CUSCO,INGENIERIA DE SISTEMAS,CUSCO,B,WANCHAQ,SOLTERO(A),NO DEBE,EXAMEN ADMISION ORDINARIO,ESPERADO,PRIVADA,CUSCO,Y,MASCULINO
264,CUSCO,TURISMO,CUSCO,A,CUSCO,SOLTERO(A),NO DEBE,EXAMEN ADMISION ORDINARIO,ESPERADO,PRIVADA,CUSCO,Z,MASCULINO
265,CUSCO,TURISMO,CUSCO,B,SAN JERONIMO,SOLTERO(A),NO DEBE,OTRAS MODALIDADES,ESPERADO,PRIVADA,CUSCO,Y,MASCULINO
266,CUSCO,TURISMO,CUSCO,C,NaN,NaN,PRIMERA CATEGORIA,EXAMEN ADMISION ORDINARIO,ESPERADO,PUBLICA,CUSCO,X,MASCULINO
267,CUSCO,TURISMO,CUSCO,B,SANTIAGO,SOLTERO(A),PRIMERA CATEGORIA,EXAMEN ADMISION ORDINARIO,ESPERADO,PRIVADA,CUSCO,Z,MASCULINO
268,CUSCO,TURISMO,CUSCO,B,SANTIAGO,SOLTERO(A),NO DEBE,EXAMEN ADMISION ORDINARIO,ESPERADO,PRIVADA,CUSCO,Y,MASCULINO
269,CUSCO,TURISMO,CUSCO,C,SANTIAGO,SOLTERO(A),NO DEBE,EXAMEN ADMISION ORDINARIO,ESPERADO,PUBLICA,CUSCO,X,MASCULINO
270,CUSCO,TURISMO,CUSCO,B,CUSCO,SOLTERO(A),NO DEBE,EXAMEN ADMISION ORDINARIO,ESPERADO,PUBLICA,CUSCO,Y,FEMENINO
271,CUSCO,TURISMO,CUSCO,A,WANCHAQ,SOLTERO(A),PRIMERA CATEGORIA,EXAMEN ADMISION ORDINARIO,ESPERADO,PRIVADA,CUSCO,Z,MASCULINO
272,CUSCO,INGENIERIA CIVIL,CUSCO,B,CUSCO,SOLTERO(A),PRIMERA CATEGORIA,OTRAS MODALIDADES,NO DESTACADO,PRIVADA,CUSCO,Y,MASCULINO
273,CUSCO,INGENIERIA CIVIL,CUSCO,C,NaN,NaN,PRIMERA CATEGORIA,OTRAS MODALIDADES,ESPERADO,PUBLICA,CUSCO,X,MASCULINO
274,CUSCO,TURISMO,CUSCO,C,NaN,NaN,PRIMERA CATEGORIA,OTRAS MODALIDADES,ESPERADO,PUBLICA,CUSCO,X,MASCULINO
275,OTRAS SEDES,CONTABILIDAD,CUSCO,A,SANTIAGO,SOLTERO(A),NO DEBE,EXAMEN ADMISION ORDINARIO,ESPERADO,PUBLICA,CUSCO,Y,FEMENINO
276,OTRAS SEDES,CONTABILIDAD,CUSCO,B,SANTIAGO,SOLTERO(A),SEGUNDA CATEGORIA,EXAMEN ADMISION ORDINARIO,ESPERADO,PUBLICA,CUSCO,Y,FEMENINO
277,OTRAS SEDES,CONTABILIDAD,CUSCO,C,NaN,NaN,PRIMERA CATEGORIA,EXAMEN ADMISION ORDINARIO,ESPERADO,PRIVADA,CUSCO,X,FEMENINO
278,OTRAS SEDES,INGENIERIA DE SISTEMAS,CUSCO,A,SANTIAGO,SOLTERO(A),NO DEBE,EXAMEN ADMISION ORDINARIO,NO DESTACADO,PRIVADA,CUSCO,Z,MASCULINO
279,CUSCO,INGENIERIA CIVIL,CUSCO,A,NaN,NaN,NO DEBE,EXAMEN ADMISION ORDINARIO,DESTACADO,PRIVADA,OTROS DISTRITOS,Z,FEMENINO
280,CUSCO,INGENIERIA DE SISTEMAS,CUSCO,A,NaN,NaN,TERCERA CATEGORIA,EXAMEN ADMISION ORDINARIO,ESPERADO,PRIVADA,OTROS DISTRITOS,Z,MASCULINO
281,CUSCO,INGENIERIA DE SISTEMAS,CUSCO,B,WANCHAQ,SOLTERO(A),NO DEBE,EXAMEN ADMISION ORDINARIO,NO DESTACADO,PRIVADA,CUSCO,Z,MASCULINO
282,CUSCO,CONTABILIDAD,CUSCO,B,WANCHAQ,SOLTERO(A),NO DEBE,EXAMEN ADMISION ORDINARIO,DESTACADO,PUBLICA,CUSCO,Y,MASCULINO
283,CUSCO,INGENIERIA DE SISTEMAS,CUSCO,A,SAN JERONIMO,SOLTERO(A),NO DEBE,EXAMEN ADMISION ORDINARIO,NO DESTACADO,PUBLICA,CUSCO,Z,MASCULINO
284,CUSCO,TURISMO,CUSCO,B,NaN,NaN,SEGUNDA CATEGORIA,EXAMEN ADMISION ORDINARIO,ESPERADO,PUBLICA,CUSCO,X,FEMENINO
285,CUSCO,TURISMO,CUSCO,B,NaN,NaN,NO DEBE,OTRAS MODALIDADES,ESPERADO,PUBLICA,CUSCO,X,MASCULINO
286,CUSCO,INGENIERIA CIVIL,CUSCO,B,NaN,NaN,PRIMERA CATEGORIA,EXAMEN ADMISION ORDINARIO,DESTACADO,PUBLICA,CUSCO,X,MASCULINO
287,CUSCO,TURISMO,CUSCO,B,NaN,NaN,PRIMERA CATEGORIA,EXAMEN ADMISION ORDINARIO,NO DESTACADO,PRIVADA,CUSCO,X,FEMENINO
288,CUSCO,CONTABILIDAD,CUSCO,B,SAN JERONIMO,SOLTERO(A),NO DEBE,OTRAS MODALIDADES,ESPERADO,PRIVADA,CUSCO,Y,FEMENINO
289,CUSCO,INGENIERIA CIVIL,CUSCO,C,SANTIAGO,SOLTERO(A),CUARTA CATEGORIA,OTRAS MODALIDADES,ESPERADO,PRIVADA,CUSCO,X,MASCULINO
290,CUSCO,CONTABILIDAD,CUSCO,A,NaN,NaN,NO DEBE,EXAMEN ADMISION ORDINARIO,NO DESTACADO,PRIVADA,CUSCO,Z,MASCULINO
291,CUSCO,CONTABILIDAD,CUSCO,A,WANCHAQ,SOLTERO(A),PRIMERA CATEGORIA,OTRAS MODALIDADES,NO DESTACADO,PUBLICA,CUSCO,Z,FEMENINO
292,CUSCO,CONTABILIDAD,CUSCO,A,SAN SEBASTIAN,SOLTERO(A),SEGUNDA CATEGORIA,EXAMEN ADMISION ORDINARIO,NO DESTACADO,PUBLICA,CUSCO,Z,FEMENINO
293,CUSCO,CONTABILIDAD,CUSCO,A,CUSCO,SOLTERO(A),NO DEBE,EXAMEN ADMISION ORDINARIO,NO DESTACADO,PRIVADA,CUSCO,Z,MASCULINO
294,CUSCO,CONTABILIDAD,CUSCO,A,WANCHAQ,SOLTERO(A),NO DEBE,EXAMEN ADMISION ORDINARIO,NO DESTACADO,PRIVADA,CUSCO,Z,MASCULINO
295,CUSCO,CONTABILIDAD,CUSCO,A,WANCHAQ,SOLTERO(A),NO DEBE,EXAMEN ADMISION ORDINARIO,NO DESTACADO,PRIVADA,CUSCO,Z,MASCULINO
296,CUSCO,CONTABILIDAD,CUSCO,A,NaN,NaN,SEGUNDA CATEGORIA,EXAMEN ADMISION ORDINARIO,NO DESTACADO,PRIVADA,CUSCO,Z,FEMENINO
297,CUSCO,CONTABILIDAD,CUSCO,A,WANCHAQ,SOLTERO(A),NO DEBE,EXAMEN ADMISION ORDINARIO,NO DESTACADO,PUBLICA,CUSCO,Z,FEMENINO
298,CUSCO,CONTABILIDAD,CUSCO,A,WANCHAQ,SOLTERO(A),PRIMERA CATEGORIA,EXAMEN ADMISION ORDINARIO,NO DESTACADO,PUBLICA,CUSCO,Z,FEMENINO
299,CUSCO,INGENIERIA CIVIL,CUSCO,A,NaN,NaN,NO DEBE,EXAMEN ADMISION ORDINARIO,NO DESTACADO,PRIVADA,CUSCO,Z,FEMENINO
300,CUSCO,INGENIERIA CIVIL,CUSCO,A,WANCHAQ,SOLTERO(A),NO DEBE,EXAMEN ADMISION ORDINARIO,NO DESTACADO,PRIVADA,CUSCO,Z,MASCULINO
301,CUSCO,INGENIERIA CIVIL,CUSCO,A,WANCHAQ,SOLTERO(A),NO DEBE,EXAMEN ADMISION ORDINARIO,NO DESTACADO,PRIVADA,CUSCO,Z,FEMENINO
302,CUSCO,INGENIERIA CIVIL,CUSCO,A,WANCHAQ,SOLTERO(A),NO DEBE,EXAMEN ADMISION ORDINARIO,NO DESTACADO,PRIVADA,CUSCO,Z,MASCULINO
303,CUSCO,INGENIERIA CIVIL,CUSCO,A,NaN,NaN,NO DEBE,OTRAS MODALIDADES,NO DESTACADO,PRIVADA,CUSCO,Z,MASCULINO
304,CUSCO,INGENIERIA CIVIL,CUSCO,A,NaN,NaN,NO DEBE,EXAMEN ADMISION ORDINARIO,NO DESTACADO,PRIVADA,CUSCO,Z,MASCULINO
305,CUSCO,INGENIERIA CIVIL,CUSCO,A,SAN JERONIMO,SOLTERO(A),NO DEBE,EXAMEN ADMISION ORDINARIO,NO DESTACADO,PRIVADA,CUSCO,Z,MASCULINO
306,CUSCO,INGENIERIA CIVIL,CUSCO,B,WANCHAQ,SOLTERO(A),NO DEBE,EXAMEN ADMISION ORDINARIO,NO DESTACADO,PUBLICA,CUSCO,Z,MASCULINO
307,CUSCO,INGENIERIA CIVIL,CUSCO,A,WANCHAQ,SOLTERO(A),NO DEBE,EXAMEN ADMISION ORDINARIO,NO DESTACADO,PUBLICA,CUSCO,Z,FEMENINO
308,CUSCO,INGENIERIA CIVIL,CUSCO,A,NaN,NaN,NO DEBE,EXAMEN ADMISION ORDINARIO,NO DESTACADO,PRIVADA,CUSCO,Z,MASCULINO
309,CUSCO,INGENIERIA CIVIL,CUSCO,A,WANCHAQ,SOLTERO(A),NO DEBE,EXAMEN ADMISION ORDINARIO,NO DESTACADO,PRIVADA,CUSCO,Z,FEMENINO
310,CUSCO,INGENIERIA CIVIL,CUSCO,A,WANCHAQ,SOLTERO(A),NO DEBE,EXAMEN ADMISION ORDINARIO,NO DESTACADO,PRIVADA,CUSCO,Z,MASCULINO
311,CUSCO,INGENIERIA CIVIL,CUSCO,A,WANCHAQ,SOLTERO(A),NO DEBE,EXAMEN ADMISION ORDINARIO,NO DESTACADO,PRIVADA,CUSCO,Z,MASCULINO
312,CUSCO,INGENIERIA CIVIL,CUSCO,B,WANCHAQ,SOLTERO(A),NO DEBE,EXAMEN ADMISION ORDINARIO,NO DESTACADO,PRIVADA,CUSCO,Z,MASCULINO
313,CUSCO,INGENIERIA CIVIL,CUSCO,A,NaN,NaN,NO DEBE,EXAMEN ADMISION ORDINARIO,NO DESTACADO,PUBLICA,CUSCO,Z,MASCULINO
314,CUSCO,INGENIERIA CIVIL,CUSCO,A,SAN JERONIMO,SOLTERO(A),NO DEBE,EXAMEN ADMISION ORDINARIO,NO DESTACADO,PRIVADA,CUSCO,Z,MASCULINO
315,CUSCO,INGENIERIA DE SISTEMAS,CUSCO,A,NaN,NaN,PRIMERA CATEGORIA,EXAMEN ADMISION ORDINARIO,NO DESTACADO,PUBLICA,CUSCO,Z,FEMENINO
316,CUSCO,INGENIERIA DE SISTEMAS,CUSCO,A,SAN SEBASTIAN,SOLTERO(A),NO DEBE,EXAMEN ADMISION ORDINARIO,NO DESTACADO,PRIVADA,CUSCO,Z,FEMENINO
317,CUSCO,INGENIERIA DE SISTEMAS,CUSCO,A,NaN,NaN,NO DEBE,EXAMEN ADMISION ORDINARIO,NO DESTACADO,PRIVADA,CUSCO,Z,MASCULINO
318,CUSCO,TURISMO,CUSCO,A,NaN,SOLTERO(A),NO DEBE,EXAMEN ADMISION ORDINARIO,NO DESTACADO,PRIVADA,CUSCO,Z,MASCULINO
319,CUSCO,TURISMO,CUSCO,A,WANCHAQ,SOLTERO(A),PRIMERA CATEGORIA,EXAMEN ADMISION ORDINARIO,NO DESTACADO,PRIVADA,CUSCO,Z,MASCULINO
320,CUSCO,TURISMO,CUSCO,B,WANCHAQ,SOLTERO(A),TERCERA CATEGORIA,EXAMEN ADMISION ORDINARIO,NO DESTACADO,PUBLICA,CUSCO,Z,FEMENINO
321,CUSCO,TURISMO,CUSCO,A,WANCHAQ,SOLTERO(A),NO DEBE,EXAMEN ADMISION ORDINARIO,NO DESTACADO,PRIVADA,CUSCO,Z,FEMENINO
322,CUSCO,TURISMO,CUSCO,B,WANCHAQ,SOLTERO(A),NO DEBE,EXAMEN ADMISION ORDINARIO,NO DESTACADO,PRIVADA,CUSCO,Z,FEMENINO
323,CUSCO,TURISMO,CUSCO,A,SAN SEBASTIAN,SOLTERO(A),NO DEBE,EXAMEN ADMISION ORDINARIO,NO DESTACADO,PUBLICA,CUSCO,Z,FEMENINO
324,CUSCO,TURISMO,CUSCO,A,SANTIAGO,SOLTERO(A),NO DEBE,EXAMEN ADMISION ORDINARIO,NO DESTACADO,PUBLICA,CUSCO,Z,MASCULINO
325,CUSCO,TURISMO,CUSCO,A,WANCHAQ,SOLTERO(A),NO DEBE,OTRAS MODALIDADES,NO DESTACADO,PUBLICA,CUSCO,Z,FEMENINO
326,CUSCO,TURISMO,CUSCO,A,WANCHAQ,SOLTERO(A),PRIMERA CATEGORIA,EXAMEN ADMISION ORDINARIO,NO DESTACADO,PRIVADA,CUSCO,Z,FEMENINO
327,CUSCO,TURISMO,CUSCO,B,WANCHAQ,SOLTERO(A),CUARTA CATEGORIA,EXAMEN ADMISION ORDINARIO,NO DESTACADO,PRIVADA,CUSCO,Z,MASCULINO
328,CUSCO,TURISMO,CUSCO,A,WANCHAQ,SOLTERO(A),NO DEBE,EXAMEN ADMISION ORDINARIO,NO DESTACADO,PRIVADA,CUSCO,Z,FEMENINO
329,CUSCO,CONTABILIDAD,CUSCO,A,WANCHAQ,SOLTERO(A),NO DEBE,EXAMEN ADMISION ORDINARIO,ESPERADO,PUBLICA,CUSCO,Z,FEMENINO
330,CUSCO,CONTABILIDAD,CUSCO,A,WANCHAQ,SOLTERO(A),PRIMERA CATEGORIA,EXAMEN ADMISION ORDINARIO,ESPERADO,PRIVADA,CUSCO,Z,FEMENINO
331,CUSCO,CONTABILIDAD,CUSCO,B,WANCHAQ,SOLTERO(A),NO DEBE,EXAMEN ADMISION ORDINARIO,ESPERADO,PUBLICA,CUSCO,Y,FEMENINO
332,CUSCO,CONTABILIDAD,CUSCO,A,WANCHAQ,SOLTERO(A),NO DEBE,EXAMEN ADMISION ORDINARIO,ESPERADO,PRIVADA,CUSCO,Z,MASCULINO
333,CUSCO,CONTABILIDAD,CUSCO,B,WANCHAQ,SOLTERO(A),SEGUNDA CATEGORIA,EXAMEN ADMISION ORDINARIO,DESTACADO,PUBLICA,CUSCO,Z,FEMENINO
334,CUSCO,CONTABILIDAD,CUSCO,C,WANCHAQ,SOLTERO(A),NO DEBE,EXAMEN ADMISION ORDINARIO,ESPERADO,PRIVADA,CUSCO,X,MASCULINO
335,CUSCO,CONTABILIDAD,CUSCO,B,WANCHAQ,SOLTERO(A),NO DEBE,EXAMEN ADMISION ORDINARIO,ESPERADO,PUBLICA,CUSCO,Y,FEMENINO
336,CUSCO,CONTABILIDAD,CUSCO,C,WANCHAQ,SOLTERO(A),NO DEBE,OTRAS MODALIDADES,ESPERADO,PUBLICA,CUSCO,X,FEMENINO
337,CUSCO,CONTABILIDAD,CUSCO,B,WANCHAQ,SOLTERO(A),TERCERA CATEGORIA,EXAMEN ADMISION ORDINARIO,ESPERADO,PUBLICA,CUSCO,Y,MASCULINO
338,CUSCO,CONTABILIDAD,CUSCO,B,WANCHAQ,SOLTERO(A),NO DEBE,EXAMEN ADMISION ORDINARIO,ESPERADO,PRIVADA,CUSCO,Z,FEMENINO
339,CUSCO,CONTABILIDAD,CUSCO,B,WANCHAQ,SOLTERO(A),NO DEBE,EXAMEN ADMISION ORDINARIO,ESPERADO,PRIVADA,CUSCO,Y,FEMENINO
340,CUSCO,INGENIERIA CIVIL,CUSCO,C,WANCHAQ,SOLTERO(A),PRIMERA CATEGORIA,EXAMEN ADMISION ORDINARIO,DESTACADO,PUBLICA,CUSCO,X,MASCULINO
341,CUSCO,INGENIERIA CIVIL,CUSCO,B,WANCHAQ,SOLTERO(A),PRIMERA CATEGORIA,EXAMEN ADMISION ORDINARIO,DESTACADO,PRIVADA,CUSCO,Y,MASCULINO
342,CUSCO,INGENIERIA CIVIL,CUSCO,C,NaN,NaN,NO DEBE,EXAMEN ADMISION ORDINARIO,DESTACADO,PRIVADA,CUSCO,X,MASCULINO
343,CUSCO,INGENIERIA CIVIL,CUSCO,A,WANCHAQ,SOLTERO(A),NO DEBE,EXAMEN ADMISION ORDINARIO,DESTACADO,PRIVADA,CUSCO,Z,MASCULINO
344,CUSCO,INGENIERIA CIVIL,CUSCO,C,WANCHAQ,SOLTERO(A),PRIMERA CATEGORIA,OTRAS MODALIDADES,ESPERADO,PUBLICA,CUSCO,X,MASCULINO
345,CUSCO,INGENIERIA CIVIL,CUSCO,C,NaN,NaN,PRIMERA CATEGORIA,EXAMEN ADMISION ORDINARIO,DESTACADO,PUBLICA,CUSCO,X,MASCULINO
346,CUSCO,INGENIERIA CIVIL,CUSCO,B,WANCHAQ,SOLTERO(A),NO DEBE,OTRAS MODALIDADES,ESPERADO,PRIVADA,CUSCO,Y,MASCULINO
347,CUSCO,INGENIERIA CIVIL,CUSCO,C,WANCHAQ,SOLTERO(A),NO DEBE,EXAMEN ADMISION ORDINARIO,DESTACADO,PRIVADA,CUSCO,X,MASCULINO
348,CUSCO,INGENIERIA CIVIL,CUSCO,A,WANCHAQ,SOLTERO(A),PRIMERA CATEGORIA,EXAMEN ADMISION ORDINARIO,DESTACADO,PRIVADA,CUSCO,Z,MASCULINO
349,CUSCO,INGENIERIA CIVIL,CUSCO,A,WANCHAQ,SOLTERO(A),NO DEBE,EXAMEN ADMISION ORDINARIO,DESTACADO,PUBLICA,CUSCO,Z,MASCULINO
350,CUSCO,INGENIERIA CIVIL,CUSCO,C,WANCHAQ,SOLTERO(A),NO DEBE,EXAMEN ADMISION ORDINARIO,DESTACADO,PUBLICA,CUSCO,X,FEMENINO
351,CUSCO,INGENIERIA CIVIL,CUSCO,B,WANCHAQ,SOLTERO(A),TERCERA CATEGORIA,EXAMEN ADMISION ORDINARIO,DESTACADO,PUBLICA,CUSCO,Y,MASCULINO
352,CUSCO,INGENIERIA CIVIL,CUSCO,B,WANCHAQ,SOLTERO(A),NO DEBE,EXAMEN ADMISION ORDINARIO,DESTACADO,PUBLICA,CUSCO,Y,MASCULINO
353,CUSCO,INGENIERIA CIVIL,CUSCO,C,WANCHAQ,SOLTERO(A),NO DEBE,EXAMEN ADMISION ORDINARIO,DESTACADO,PRIVADA,CUSCO,X,MASCULINO
354,CUSCO,INGENIERIA CIVIL,CUSCO,A,NaN,NaN,NO DEBE,EXAMEN ADMISION ORDINARIO,DESTACADO,PRIVADA,CUSCO,Z,MASCULINO
355,CUSCO,INGENIERIA DE SISTEMAS,CUSCO,B,NaN,NaN,NO DEBE,EXAMEN ADMISION ORDINARIO,ESPERADO,PRIVADA,CUSCO,Y,MASCULINO
356,CUSCO,INGENIERIA DE SISTEMAS,CUSCO,B,WANCHAQ,SOLTERO(A),PRIMERA CATEGORIA,EXAMEN ADMISION ORDINARIO,ESPERADO,PRIVADA,CUSCO,Y,MASCULINO
357,CUSCO,INGENIERIA DE SISTEMAS,CUSCO,B,WANCHAQ,SOLTERO(A),SEGUNDA CATEGORIA,EXAMEN ADMISION ORDINARIO,ESPERADO,PRIVADA,CUSCO,Y,FEMENINO
358,CUSCO,INGENIERIA DE SISTEMAS,CUSCO,B,WANCHAQ,SOLTERO(A),NO DEBE,EXAMEN ADMISION ORDINARIO,DESTACADO,PRIVADA,CUSCO,Z,FEMENINO
359,CUSCO,INGENIERIA DE SISTEMAS,CUSCO,A,WANCHAQ,SOLTERO(A),NO DEBE,EXAMEN ADMISION ORDINARIO,ESPERADO,PRIVADA,CUSCO,Z,MASCULINO
360,CUSCO,INGENIERIA DE SISTEMAS,CUSCO,B,NaN,NaN,NO DEBE,EXAMEN ADMISION ORDINARIO,DESTACADO,PRIVADA,CUSCO,Z,MASCULINO
361,CUSCO,TURISMO,CUSCO,B,CUSCO,SOLTERO(A),NO DEBE,EXAMEN ADMISION ORDINARIO,ESPERADO,PRIVADA,CUSCO,Z,MASCULINO
362,CUSCO,TURISMO,CUSCO,B,WANCHAQ,SOLTERO(A),NO DEBE,EXAMEN ADMISION ORDINARIO,ESPERADO,PUBLICA,CUSCO,Y,FEMENINO
363,CUSCO,TURISMO,CUSCO,A,NaN,NaN,NO DEBE,EXAMEN ADMISION ORDINARIO,ESPERADO,PRIVADA,CUSCO,Z,MASCULINO
364,CUSCO,TURISMO,CUSCO,A,WANCHAQ,SOLTERO(A),PRIMERA CATEGORIA,EXAMEN ADMISION ORDINARIO,ESPERADO,PRIVADA,CUSCO,Z,MASCULINO
365,CUSCO,TURISMO,CUSCO,A,WANCHAQ,SOLTERO(A),NO DEBE,EXAMEN ADMISION ORDINARIO,ESPERADO,PRIVADA,CUSCO,Z,MASCULINO
366,CUSCO,TURISMO,CUSCO,A,SAN JERONIMO,SOLTERO(A),NO DEBE,EXAMEN ADMISION ORDINARIO,ESPERADO,PRIVADA,CUSCO,Z,MASCULINO
367,CUSCO,TURISMO,CUSCO,B,NaN,NaN,PRIMERA CATEGORIA,OTRAS MODALIDADES,NO DESTACADO,PUBLICA,CUSCO,Y,MASCULINO
368,CUSCO,TURISMO,CUSCO,B,WANCHAQ,SOLTERO(A),NO DEBE,EXAMEN ADMISION ORDINARIO,NO DESTACADO,PUBLICA,CUSCO,Y,FEMENINO
369,CUSCO,TURISMO,CUSCO,C,WANCHAQ,SOLTERO(A),NO DEBE,EXAMEN ADMISION ORDINARIO,DESTACADO,PUBLICA,OTROS DISTRITOS,X,MASCULINO
370,CUSCO,TURISMO,CUSCO,B,NaN,NaN,PRIMERA CATEGORIA,EXAMEN ADMISION ORDINARIO,ESPERADO,PRIVADA,CUSCO,Y,MASCULINO
371,CUSCO,TURISMO,CUSCO,C,WANCHAQ,SOLTERO(A),NO DEBE,EXAMEN ADMISION ORDINARIO,ESPERADO,PUBLICA,CUSCO,Y,FEMENINO
372,CUSCO,TURISMO,CUSCO,C,WANCHAQ,SOLTERO(A),TERCERA CATEGORIA,EXAMEN ADMISION ORDINARIO,DESTACADO,PUBLICA,CUSCO,X,MASCULINO
373,CUSCO,CONTABILIDAD,CUSCO,A,WANCHAQ,SOLTERO(A),PRIMERA CATEGORIA,OTRAS MODALIDADES,DESTACADO,PRIVADA,CUSCO,Z,MASCULINO
374,CUSCO,INGENIERIA CIVIL,CUSCO,A,SAN JERONIMO,SOLTERO(A),NO DEBE,OTRAS MODALIDADES,DESTACADO,PRIVADA,CUSCO,Z,MASCULINO
375,OTRAS SEDES,CONTABILIDAD,CUSCO,C,QUILLABAMBA,SOLTERO(A),SEGUNDA CATEGORIA,EXAMEN ADMISION ORDINARIO,ESPERADO,PRIVADA,CUSCO,X,MASCULINO
376,OTRAS SEDES,CONTABILIDAD,CUSCO,A,SICUANI,SOLTERO(A),PRIMERA CATEGORIA,EXAMEN ADMISION ORDINARIO,NO DESTACADO,PRIVADA,CUSCO,Z,FEMENINO
377,OTRAS SEDES,CONTABILIDAD,CUSCO,B,PUERTO MALDONaNDO,NaN,PRIMERA CATEGORIA,EXAMEN ADMISION ORDINARIO,NO DESTACADO,PUBLICA,CUSCO,Y,MASCULINO
378,CUSCO,INGENIERIA DE SISTEMAS,CUSCO,A,SANTIAGO,SOLTERO(A),NO DEBE,EXAMEN ADMISION ORDINARIO,NO DESTACADO,PRIVADA,CUSCO,Z,FEMENINO
379,CUSCO,CONTABILIDAD,CUSCO,A,CUSCO,SOLTERO(A),PRIMERA CATEGORIA,EXAMEN ADMISION ORDINARIO,NO DESTACADO,PUBLICA,OTROS DISTRITOS,Z,FEMENINO
380,CUSCO,CONTABILIDAD,CUSCO,B,SANTIAGO,SOLTERO(A),NO DEBE,EXAMEN ADMISION ORDINARIO,ESPERADO,PUBLICA,OTROS DISTRITOS,Y,FEMENINO
381,CUSCO,CONTABILIDAD,CUSCO,B,SAN SEBASTIAN,SOLTERO(A),NO DEBE,EXAMEN ADMISION ORDINARIO,NO DESTACADO,PUBLICA,OTROS DISTRITOS,Z,FEMENINO
382,OTRAS SEDES,CONTABILIDAD,CUSCO,B,PUERTO MALDONaNDO,OTROS,NO DEBE,EXAMEN ADMISION ORDINARIO,NO DESTACADO,PUBLICA,OTROS DISTRITOS,Z,FEMENINO
383,CUSCO,INGENIERIA CIVIL,CUSCO,C,SAN SEBASTIAN,SOLTERO(A),NO DEBE,EXAMEN ADMISION ORDINARIO,ESPERADO,PUBLICA,OTROS DISTRITOS,X,MASCULINO
384,CUSCO,TURISMO,CUSCO,B,SAN SEBASTIAN,SOLTERO(A),NO DEBE,EXAMEN ADMISION ORDINARIO,ESPERADO,PRIVADA,OTROS DISTRITOS,Y,FEMENINO
385,CUSCO,TURISMO,CUSCO,B,NaN,NaN,PRIMERA CATEGORIA,EXAMEN ADMISION ORDINARIO,ESPERADO,PRIVADA,OTROS DISTRITOS,Y,MASCULINO
386,CUSCO,CONTABILIDAD,CUSCO,C,NaN,NaN,PRIMERA CATEGORIA,EXAMEN ADMISION ORDINARIO,ESPERADO,PUBLICA,OTROS DISTRITOS,X,FEMENINO
387,OTRAS SEDES,CONTABILIDAD,CUSCO,A,QUILLABAMBA,NaN,PRIMERA CATEGORIA,EXAMEN ADMISION ORDINARIO,NO DESTACADO,PRIVADA,OTROS DISTRITOS,Z,FEMENINO
388,CUSCO,TURISMO,CUSCO,A,CUSCO,SOLTERO(A),NO DEBE,EXAMEN ADMISION ORDINARIO,NO DESTACADO,PUBLICA,OTROS DISTRITOS,Z,FEMENINO
389,CUSCO,CONTABILIDAD,CUSCO,C,WANCHAQ,SOLTERO(A),NO DEBE,OTRAS MODALIDADES,NO DESTACADO,PUBLICA,OTROS DISTRITOS,X,MASCULINO
390,CUSCO,CONTABILIDAD,CUSCO,C,CUSCO,SOLTERO(A),NO DEBE,EXAMEN ADMISION ORDINARIO,ESPERADO,PUBLICA,OTROS DISTRITOS,X,FEMENINO
391,CUSCO,CONTABILIDAD,CUSCO,B,WANCHAQ,SOLTERO(A),NO DEBE,OTRAS MODALIDADES,ESPERADO,PUBLICA,OTROS DISTRITOS,Y,FEMENINO
392,CUSCO,TURISMO,CUSCO,B,NaN,NaN,PRIMERA CATEGORIA,EXAMEN ADMISION ORDINARIO,ESPERADO,PUBLICA,OTROS DISTRITOS,Y,MASCULINO
393,OTRAS SEDES,CONTABILIDAD,CUSCO,C,PUERTO MALDONaNDO,NaN,PRIMERA CATEGORIA,EXAMEN ADMISION ORDINARIO,NO DESTACADO,PUBLICA,OTROS DISTRITOS,X,FEMENINO
394,CUSCO,CONTABILIDAD,CUSCO,B,WANCHAQ,SOLTERO(A),NO DEBE,EXAMEN ADMISION ORDINARIO,ESPERADO,PUBLICA,OTROS DISTRITOS,Z,FEMENINO
395,CUSCO,CONTABILIDAD,CUSCO,A,SANTIAGO,SOLTERO(A),NO DEBE,EXAMEN ADMISION ORDINARIO,NO DESTACADO,PUBLICA,OTROS DISTRITOS,Z,FEMENINO
396,CUSCO,CONTABILIDAD,CUSCO,A,SANTIAGO,SOLTERO(A),NO DEBE,EXAMEN ADMISION ORDINARIO,NO DESTACADO,PUBLICA,OTROS DISTRITOS,Z,FEMENINO
397,OTRAS SEDES,CONTABILIDAD,CUSCO,B,QUILLABAMBA,SOLTERO(A),NO DEBE,EXAMEN ADMISION ORDINARIO,NO DESTACADO,PRIVADA,OTROS DISTRITOS,Y,FEMENINO
398,CUSCO,INGENIERIA DE SISTEMAS,CUSCO,C,SAN SEBASTIAN,SOLTERO(A),NO DEBE,EXAMEN ADMISION ORDINARIO,ESPERADO,PRIVADA,CUSCO,X,MASCULINO
399,CUSCO,CONTABILIDAD,CUSCO,C,CUSCO,SOLTERO(A),NO DEBE,EXAMEN ADMISION ORDINARIO,ESPERADO,PUBLICA,OTROS DISTRITOS,X,MASCULINO
400,CUSCO,CONTABILIDAD,CUSCO,C,SAN SEBASTIAN,SOLTERO(A),NO DEBE,EXAMEN ADMISION ORDINARIO,DESTACADO,PUBLICA,OTROS DISTRITOS,Y,MASCULINO
401,CUSCO,INGENIERIA CIVIL,CUSCO,B,WANCHAQ,SOLTERO(A),SEGUNDA CATEGORIA,EXAMEN ADMISION ORDINARIO,DESTACADO,PUBLICA,OTROS DISTRITOS,Y,FEMENINO
402,OTRAS SEDES,CONTABILIDAD,CUSCO,C,SICUANI,SOLTERO(A),NO DEBE,EXAMEN ADMISION ORDINARIO,ESPERADO,PUBLICA,OTROS DISTRITOS,X,FEMENINO
403,OTRAS SEDES,CONTABILIDAD,CUSCO,B,SICUANI,NaN,PRIMERA CATEGORIA,EXAMEN ADMISION ORDINARIO,DESTACADO,PUBLICA,OTROS DISTRITOS,X,MASCULINO
404,CUSCO,TURISMO,CUSCO,B,NaN,NaN,PRIMERA CATEGORIA,EXAMEN ADMISION ORDINARIO,ESPERADO,PUBLICA,OTROS DISTRITOS,X,MASCULINO
405,CUSCO,CONTABILIDAD,CUSCO,C,WANCHAQ,SOLTERO(A),NO DEBE,EXAMEN ADMISION ORDINARIO,ESPERADO,PUBLICA,OTROS DISTRITOS,X,MASCULINO
406,OTRAS SEDES,CONTABILIDAD,CUSCO,C,SICUANI,SOLTERO(A),SEGUNDA CATEGORIA,EXAMEN ADMISION ORDINARIO,DESTACADO,PUBLICA,OTROS DISTRITOS,X,MASCULINO
407,OTRAS SEDES,CONTABILIDAD,CUSCO,C,SICUANI,SOLTERO(A),NO DEBE,EXAMEN ADMISION ORDINARIO,ESPERADO,PUBLICA,OTROS DISTRITOS,X,MASCULINO
408,OTRAS SEDES,CONTABILIDAD,CUSCO,B,SICUANI,SOLTERO(A),CUARTA CATEGORIA,EXAMEN ADMISION ORDINARIO,ESPERADO,PRIVADA,OTROS DISTRITOS,Y,FEMENINO
409,CUSCO,CONTABILIDAD,CUSCO,B,CUSCO,SOLTERO(A),NO DEBE,EXAMEN ADMISION ORDINARIO,DESTACADO,PUBLICA,OTROS DISTRITOS,X,FEMENINO
410,CUSCO,CONTABILIDAD,CUSCO,C,SAN SEBASTIAN,SOLTERO(A),NO DEBE,EXAMEN ADMISION ORDINARIO,ESPERADO,PUBLICA,OTROS DISTRITOS,X,MASCULINO
411,CUSCO,CONTABILIDAD,CUSCO,C,NaN,NaN,PRIMERA CATEGORIA,EXAMEN ADMISION ORDINARIO,DESTACADO,PUBLICA,OTROS DISTRITOS,X,FEMENINO
412,CUSCO,INGENIERIA CIVIL,CUSCO,C,SAN SEBASTIAN,SOLTERO(A),NO DEBE,EXAMEN ADMISION ORDINARIO,DESTACADO,PUBLICA,OTROS DISTRITOS,X,MASCULINO
413,CUSCO,INGENIERIA CIVIL,CUSCO,C,OTROS,SOLTERO(A),PRIMERA CATEGORIA,EXAMEN ADMISION ORDINARIO,DESTACADO,PUBLICA,OTROS DISTRITOS,X,MASCULINO
414,CUSCO,INGENIERIA CIVIL,CUSCO,C,WANCHAQ,SOLTERO(A),NO DEBE,EXAMEN ADMISION ORDINARIO,DESTACADO,PUBLICA,OTROS DISTRITOS,X,MASCULINO
415,CUSCO,INGENIERIA CIVIL,CUSCO,C,OTROS,SOLTERO(A),NO DEBE,EXAMEN ADMISION ORDINARIO,DESTACADO,PUBLICA,CUSCO,X,MASCULINO
416,CUSCO,INGENIERIA CIVIL,CUSCO,B,WANCHAQ,SOLTERO(A),NO DEBE,OTRAS MODALIDADES,ESPERADO,PRIVADA,OTROS DISTRITOS,Y,MASCULINO
417,OTRAS SEDES,CONTABILIDAD,CUSCO,B,SICUANI,SOLTERO(A),SEGUNDA CATEGORIA,EXAMEN ADMISION ORDINARIO,NO DESTACADO,PUBLICA,OTROS DISTRITOS,Z,MASCULINO
418,OTRAS SEDES,CONTABILIDAD,CUSCO,A,SICUANI,OTROS,NO DEBE,EXAMEN ADMISION ORDINARIO,NO DESTACADO,PUBLICA,OTROS DISTRITOS,Z,MASCULINO
419,OTRAS SEDES,CONTABILIDAD,CUSCO,A,SICUANI,SOLTERO(A),NO DEBE,EXAMEN ADMISION ORDINARIO,NO DESTACADO,PUBLICA,OTROS DISTRITOS,Z,FEMENINO
420,OTRAS SEDES,CONTABILIDAD,CUSCO,A,SICUANI,SOLTERO(A),NO DEBE,EXAMEN ADMISION ORDINARIO,NO DESTACADO,PUBLICA,OTROS DISTRITOS,Z,FEMENINO
421,OTRAS SEDES,CONTABILIDAD,CUSCO,A,SICUANI,NaN,PRIMERA CATEGORIA,EXAMEN ADMISION ORDINARIO,NO DESTACADO,PRIVADA,OTROS DISTRITOS,Z,MASCULINO
422,OTRAS SEDES,CONTABILIDAD,CUSCO,B,SICUANI,OTROS,NO DEBE,EXAMEN ADMISION ORDINARIO,NO DESTACADO,PUBLICA,OTROS DISTRITOS,Z,FEMENINO
423,CUSCO,CONTABILIDAD,CUSCO,A,CUSCO,SOLTERO(A),NO DEBE,EXAMEN ADMISION ORDINARIO,NO DESTACADO,PUBLICA,OTROS DISTRITOS,Z,FEMENINO
424,OTRAS SEDES,CONTABILIDAD,CUSCO,B,SICUANI,SOLTERO(A),NO DEBE,EXAMEN ADMISION ORDINARIO,NO DESTACADO,PRIVADA,OTROS DISTRITOS,Z,MASCULINO
425,OTRAS SEDES,CONTABILIDAD,CUSCO,A,SICUANI,NaN,SEGUNDA CATEGORIA,EXAMEN ADMISION ORDINARIO,NO DESTACADO,PUBLICA,OTROS DISTRITOS,Z,FEMENINO
426,CUSCO,CONTABILIDAD,CUSCO,A,SAN JERONIMO,SOLTERO(A),NO DEBE,EXAMEN ADMISION ORDINARIO,NO DESTACADO,PUBLICA,OTROS DISTRITOS,Z,FEMENINO
427,OTRAS SEDES,CONTABILIDAD,CUSCO,A,SICUANI,SOLTERO(A),TERCERA CATEGORIA,EXAMEN ADMISION ORDINARIO,NO DESTACADO,PUBLICA,OTROS DISTRITOS,Z,MASCULINO
428,OTRAS SEDES,CONTABILIDAD,CUSCO,A,SICUANI,SOLTERO(A),NO DEBE,EXAMEN ADMISION ORDINARIO,NO DESTACADO,PUBLICA,OTROS DISTRITOS,Z,FEMENINO
429,OTRAS SEDES,CONTABILIDAD,CUSCO,C,SICUANI,SOLTERO(A),NO DEBE,EXAMEN ADMISION ORDINARIO,ESPERADO,PUBLICA,OTROS DISTRITOS,X,FEMENINO
430,OTRAS SEDES,CONTABILIDAD,CUSCO,B,SICUANI,SOLTERO(A),NO DEBE,EXAMEN ADMISION ORDINARIO,DESTACADO,PUBLICA,OTROS DISTRITOS,Z,FEMENINO
431,OTRAS SEDES,CONTABILIDAD,CUSCO,B,SICUANI,SOLTERO(A),NO DEBE,EXAMEN ADMISION ORDINARIO,ESPERADO,PUBLICA,OTROS DISTRITOS,Y,FEMENINO
432,OTRAS SEDES,CONTABILIDAD,CUSCO,B,SICUANI,SOLTERO(A),SEGUNDA CATEGORIA,EXAMEN ADMISION ORDINARIO,ESPERADO,PRIVADA,OTROS DISTRITOS,Y,MASCULINO
433,OTRAS SEDES,CONTABILIDAD,CUSCO,C,SICUANI,SOLTERO(A),NO DEBE,EXAMEN ADMISION ORDINARIO,ESPERADO,PUBLICA,OTROS DISTRITOS,X,MASCULINO
434,OTRAS SEDES,CONTABILIDAD,CUSCO,A,SICUANI,SOLTERO(A),NO DEBE,EXAMEN ADMISION ORDINARIO,DESTACADO,PRIVADA,OTROS DISTRITOS,Z,FEMENINO
435,OTRAS SEDES,CONTABILIDAD,CUSCO,C,SICUANI,NaN,SEGUNDA CATEGORIA,EXAMEN ADMISION ORDINARIO,ESPERADO,PUBLICA,OTROS DISTRITOS,X,FEMENINO
436,OTRAS SEDES,CONTABILIDAD,CUSCO,C,SICUANI,SOLTERO(A),NO DEBE,EXAMEN ADMISION ORDINARIO,ESPERADO,PUBLICA,OTROS DISTRITOS,X,FEMENINO
437,OTRAS SEDES,CONTABILIDAD,CUSCO,A,SICUANI,SOLTERO(A),NO DEBE,EXAMEN ADMISION ORDINARIO,DESTACADO,PUBLICA,OTROS DISTRITOS,Z,MASCULINO
438,CUSCO,CONTABILIDAD,CUSCO,A,NaN,SOLTERO(A),PRIMERA CATEGORIA,EXAMEN ADMISION ORDINARIO,ESPERADO,PUBLICA,OTROS DISTRITOS,Y,FEMENINO
439,OTRAS SEDES,CONTABILIDAD,CUSCO,B,SICUANI,NaN,PRIMERA CATEGORIA,EXAMEN ADMISION ORDINARIO,DESTACADO,PRIVADA,OTROS DISTRITOS,Y,FEMENINO
440,CUSCO,CONTABILIDAD,CUSCO,A,SICUANI,SOLTERO(A),NO DEBE,EXAMEN ADMISION ORDINARIO,ESPERADO,PUBLICA,OTROS DISTRITOS,Z,FEMENINO
441,OTRAS SEDES,CONTABILIDAD,CUSCO,A,SICUANI,SOLTERO(A),NO DEBE,EXAMEN ADMISION ORDINARIO,ESPERADO,PUBLICA,OTROS DISTRITOS,Z,FEMENINO
442,OTRAS SEDES,CONTABILIDAD,CUSCO,C,SICUANI,SOLTERO(A),NO DEBE,EXAMEN ADMISION ORDINARIO,ESPERADO,PUBLICA,OTROS DISTRITOS,X,MASCULINO
443,OTRAS SEDES,CONTABILIDAD,CUSCO,C,SICUANI,NaN,PRIMERA CATEGORIA,EXAMEN ADMISION ORDINARIO,ESPERADO,PUBLICA,OTROS DISTRITOS,X,FEMENINO
444,OTRAS SEDES,CONTABILIDAD,CUSCO,C,SICUANI,NaN,SEGUNDA CATEGORIA,EXAMEN ADMISION ORDINARIO,ESPERADO,PUBLICA,OTROS DISTRITOS,Y,FEMENINO
445,OTRAS SEDES,CONTABILIDAD,CUSCO,C,SICUANI,OTROS,NO DEBE,EXAMEN ADMISION ORDINARIO,DESTACADO,PUBLICA,OTROS DISTRITOS,X,FEMENINO
446,CUSCO,CONTABILIDAD,CUSCO,B,WANCHAQ,SOLTERO(A),NO DEBE,EXAMEN ADMISION ORDINARIO,DESTACADO,PUBLICA,OTROS DISTRITOS,Y,FEMENINO
447,OTRAS SEDES,CONTABILIDAD,CUSCO,C,SICUANI,SOLTERO(A),NO DEBE,EXAMEN ADMISION ORDINARIO,ESPERADO,PUBLICA,OTROS DISTRITOS,X,FEMENINO
448,OTRAS SEDES,CONTABILIDAD,CUSCO,C,SICUANI,SOLTERO(A),NO DEBE,EXAMEN ADMISION ORDINARIO,ESPERADO,PUBLICA,OTROS DISTRITOS,X,MASCULINO
449,OTRAS SEDES,CONTABILIDAD,CUSCO,B,SICUANI,SOLTERO(A),SEGUNDA CATEGORIA,EXAMEN ADMISION ORDINARIO,ESPERADO,PUBLICA,OTROS DISTRITOS,Z,MASCULINO
450,OTRAS SEDES,CONTABILIDAD,CUSCO,B,SICUANI,SOLTERO(A),NO DEBE,EXAMEN ADMISION ORDINARIO,DESTACADO,PUBLICA,OTROS DISTRITOS,Y,MASCULINO
451,OTRAS SEDES,CONTABILIDAD,CUSCO,C,SICUANI,NaN,SEGUNDA CATEGORIA,EXAMEN ADMISION ORDINARIO,ESPERADO,PUBLICA,OTROS DISTRITOS,X,MASCULINO
452,CUSCO,CONTABILIDAD,CUSCO,C,SANTIAGO,SOLTERO(A),PRIMERA CATEGORIA,EXAMEN ADMISION ORDINARIO,ESPERADO,PUBLICA,OTROS DISTRITOS,X,MASCULINO
453,OTRAS SEDES,CONTABILIDAD,CUSCO,C,SICUANI,SOLTERO(A),SEGUNDA CATEGORIA,EXAMEN ADMISION ORDINARIO,DESTACADO,PUBLICA,OTROS DISTRITOS,X,FEMENINO
454,OTRAS SEDES,CONTABILIDAD,CUSCO,B,SICUANI,SOLTERO(A),SEGUNDA CATEGORIA,EXAMEN ADMISION ORDINARIO,ESPERADO,PUBLICA,OTROS DISTRITOS,Y,MASCULINO
455,OTRAS SEDES,CONTABILIDAD,CUSCO,A,SICUANI,SOLTERO(A),NO DEBE,EXAMEN ADMISION ORDINARIO,DESTACADO,PUBLICA,OTROS DISTRITOS,Y,FEMENINO
456,OTRAS SEDES,CONTABILIDAD,CUSCO,C,SICUANI,SOLTERO(A),NO DEBE,EXAMEN ADMISION ORDINARIO,DESTACADO,PUBLICA,OTROS DISTRITOS,X,MASCULINO
457,CUSCO,CONTABILIDAD,CUSCO,C,CUSCO,SOLTERO(A),NO DEBE,EXAMEN ADMISION ORDINARIO,ESPERADO,PUBLICA,OTROS DISTRITOS,X,MASCULINO
458,OTRAS SEDES,CONTABILIDAD,CUSCO,B,SICUANI,SOLTERO(A),NO DEBE,EXAMEN ADMISION ORDINARIO,DESTACADO,PUBLICA,OTROS DISTRITOS,Y,MASCULINO
459,CUSCO,CONTABILIDAD,CUSCO,C,CUSCO,SOLTERO(A),NO DEBE,EXAMEN ADMISION ORDINARIO,ESPERADO,PUBLICA,OTROS DISTRITOS,Y,MASCULINO
460,CUSCO,CONTABILIDAD,CUSCO,C,SAN JERONIMO,SOLTERO(A),NO DEBE,EXAMEN ADMISION ORDINARIO,ESPERADO,PUBLICA,OTROS DISTRITOS,X,MASCULINO
461,CUSCO,CONTABILIDAD,CUSCO,B,SAN SEBASTIAN,SOLTERO(A),PRIMERA CATEGORIA,EXAMEN ADMISION ORDINARIO,DESTACADO,PUBLICA,OTROS DISTRITOS,Y,FEMENINO
462,CUSCO,CONTABILIDAD,CUSCO,A,NaN,NaN,PRIMERA CATEGORIA,EXAMEN ADMISION ORDINARIO,DESTACADO,PRIVADA,OTROS DISTRITOS,Z,FEMENINO
463,CUSCO,INGENIERIA CIVIL,CUSCO,A,WANCHAQ,SOLTERO(A),PRIMERA CATEGORIA,EXAMEN ADMISION ORDINARIO,DESTACADO,PRIVADA,OTROS DISTRITOS,Z,MASCULINO
464,OTRAS SEDES,CONTABILIDAD,CUSCO,C,SICUANI,SOLTERO(A),NO DEBE,EXAMEN ADMISION ORDINARIO,ESPERADO,PUBLICA,OTROS DISTRITOS,X,MASCULINO
465,OTRAS SEDES,CONTABILIDAD,CUSCO,C,SICUANI,SOLTERO(A),NO DEBE,EXAMEN ADMISION ORDINARIO,ESPERADO,PUBLICA,OTROS DISTRITOS,X,MASCULINO
466,CUSCO,INGENIERIA CIVIL,CUSCO,C,WANCHAQ,SOLTERO(A),SEGUNDA CATEGORIA,EXAMEN ADMISION ORDINARIO,DESTACADO,PUBLICA,OTROS DISTRITOS,X,MASCULINO
467,OTRAS SEDES,CONTABILIDAD,CUSCO,C,SICUANI,SOLTERO(A),NO DEBE,EXAMEN ADMISION ORDINARIO,ESPERADO,PUBLICA,OTROS DISTRITOS,X,FEMENINO
468,CUSCO,INGENIERIA DE SISTEMAS,CUSCO,A,NaN,NaN,NO DEBE,EXAMEN ADMISION ORDINARIO,ESPERADO,PUBLICA,OTROS DISTRITOS,Z,MASCULINO
469,OTRAS SEDES,CONTABILIDAD,CUSCO,A,SICUANI,SOLTERO(A),NO DEBE,EXAMEN ADMISION ORDINARIO,NO DESTACADO,PUBLICA,OTROS DISTRITOS,Z,FEMENINO
470,CUSCO,INGENIERIA DE SISTEMAS,CUSCO,C,NaN,NaN,NO DEBE,EXAMEN ADMISION ORDINARIO,ESPERADO,PUBLICA,OTROS DISTRITOS,X,MASCULINO
471,OTRAS SEDES,CONTABILIDAD,CUSCO,C,QUILLABAMBA,SOLTERO(A),TERCERA CATEGORIA,EXAMEN ADMISION ORDINARIO,ESPERADO,PUBLICA,OTROS DISTRITOS,X,MASCULINO
472,CUSCO,CONTABILIDAD,CUSCO,B,SAN JERONIMO,SOLTERO(A),NO DEBE,EXAMEN ADMISION ORDINARIO,NO DESTACADO,PUBLICA,OTROS DISTRITOS,Z,FEMENINO
473,CUSCO,CONTABILIDAD,CUSCO,B,NaN,NaN,TERCERA CATEGORIA,EXAMEN ADMISION ORDINARIO,ESPERADO,PUBLICA,OTROS DISTRITOS,Y,FEMENINO
474,CUSCO,INGENIERIA CIVIL,CUSCO,C,CUSCO,SOLTERO(A),NO DEBE,OTRAS MODALIDADES,DESTACADO,PUBLICA,OTROS DISTRITOS,X,MASCULINO
475,CUSCO,INGENIERIA CIVIL,CUSCO,C,NaN,NaN,NO DEBE,EXAMEN ADMISION ORDINARIO,DESTACADO,PUBLICA,OTROS DISTRITOS,X,MASCULINO
476,CUSCO,INGENIERIA CIVIL,CUSCO,C,SANTIAGO,SOLTERO(A),PRIMERA CATEGORIA,EXAMEN ADMISION ORDINARIO,DESTACADO,PUBLICA,OTROS DISTRITOS,X,MASCULINO
477,CUSCO,CONTABILIDAD,CUSCO,C,NaN,NaN,PRIMERA CATEGORIA,EXAMEN ADMISION ORDINARIO,ESPERADO,PUBLICA,OTROS DISTRITOS,X,FEMENINO
478,CUSCO,INGENIERIA DE SISTEMAS,CUSCO,A,NaN,NaN,NO DEBE,EXAMEN ADMISION ORDINARIO,ESPERADO,PRIVADA,OTROS DISTRITOS,Y,MASCULINO
479,OTRAS SEDES,CONTABILIDAD,CUSCO,B,QUILLABAMBA,NaN,PRIMERA CATEGORIA,EXAMEN ADMISION ORDINARIO,ESPERADO,PUBLICA,OTROS DISTRITOS,X,MASCULINO
480,CUSCO,INGENIERIA CIVIL,CUSCO,B,NaN,NaN,NO DEBE,EXAMEN ADMISION ORDINARIO,DESTACADO,PUBLICA,OTROS DISTRITOS,Y,MASCULINO
481,CUSCO,INGENIERIA CIVIL,CUSCO,A,WANCHAQ,SOLTERO(A),NO DEBE,EXAMEN ADMISION ORDINARIO,NO DESTACADO,PRIVADA,OTROS DISTRITOS,Z,MASCULINO
482,CUSCO,CONTABILIDAD,CUSCO,C,SAN JERONIMO,SOLTERO(A),NO DEBE,EXAMEN ADMISION ORDINARIO,ESPERADO,PUBLICA,OTROS DISTRITOS,X,FEMENINO
483,CUSCO,CONTABILIDAD,CUSCO,B,SAN JERONIMO,SOLTERO(A),NO DEBE,EXAMEN ADMISION ORDINARIO,DESTACADO,PRIVADA,OTROS DISTRITOS,Y,FEMENINO
484,CUSCO,CONTABILIDAD,CUSCO,A,CUSCO,SOLTERO(A),NO DEBE,EXAMEN ADMISION ORDINARIO,ESPERADO,PUBLICA,OTROS DISTRITOS,Z,FEMENINO
485,CUSCO,CONTABILIDAD,CUSCO,C,NaN,NaN,PRIMERA CATEGORIA,EXAMEN ADMISION ORDINARIO,ESPERADO,PUBLICA,OTROS DISTRITOS,X,MASCULINO
486,CUSCO,CONTABILIDAD,CUSCO,C,CUSCO,SOLTERO(A),NO DEBE,EXAMEN ADMISION ORDINARIO,DESTACADO,PUBLICA,OTROS DISTRITOS,X,MASCULINO
487,CUSCO,CONTABILIDAD,CUSCO,C,WANCHAQ,SOLTERO(A),PRIMERA CATEGORIA,EXAMEN ADMISION ORDINARIO,ESPERADO,PUBLICA,OTROS DISTRITOS,X,FEMENINO
488,CUSCO,INGENIERIA CIVIL,CUSCO,C,SAN JERONIMO,SOLTERO(A),NO DEBE,OTRAS MODALIDADES,ESPERADO,PUBLICA,OTROS DISTRITOS,X,MASCULINO
489,CUSCO,INGENIERIA CIVIL,CUSCO,C,SAN SEBASTIAN,SOLTERO(A),NO DEBE,EXAMEN ADMISION ORDINARIO,DESTACADO,PUBLICA,OTROS DISTRITOS,X,MASCULINO
490,CUSCO,INGENIERIA DE SISTEMAS,CUSCO,B,WANCHAQ,SOLTERO(A),NO DEBE,EXAMEN ADMISION ORDINARIO,ESPERADO,PRIVADA,OTROS DISTRITOS,Y,MASCULINO
491,CUSCO,INGENIERIA DE SISTEMAS,CUSCO,B,NaN,NaN,NO DEBE,EXAMEN ADMISION ORDINARIO,ESPERADO,PUBLICA,OTROS DISTRITOS,Y,MASCULINO
492,CUSCO,INGENIERIA DE SISTEMAS,CUSCO,A,NaN,NaN,NO DEBE,EXAMEN ADMISION ORDINARIO,ESPERADO,PUBLICA,OTROS DISTRITOS,Z,MASCULINO
493,OTRAS SEDES,CONTABILIDAD,CUSCO,A,QUILLABAMBA,SOLTERO(A),PRIMERA CATEGORIA,EXAMEN ADMISION ORDINARIO,NO DESTACADO,PRIVADA,OTROS DISTRITOS,Z,FEMENINO
494,OTRAS SEDES,CONTABILIDAD,CUSCO,A,QUILLABAMBA,SOLTERO(A),NO DEBE,EXAMEN ADMISION ORDINARIO,NO DESTACADO,PUBLICA,OTROS DISTRITOS,Z,FEMENINO
495,OTRAS SEDES,CONTABILIDAD,CUSCO,A,QUILLABAMBA,SOLTERO(A),NO DEBE,EXAMEN ADMISION ORDINARIO,NO DESTACADO,PUBLICA,OTROS DISTRITOS,Z,MASCULINO
496,OTRAS SEDES,CONTABILIDAD,CUSCO,A,QUILLABAMBA,SOLTERO(A),SEGUNDA CATEGORIA,EXAMEN ADMISION ORDINARIO,NO DESTACADO,PUBLICA,OTROS DISTRITOS,Z,FEMENINO
497,OTRAS SEDES,CONTABILIDAD,CUSCO,B,QUILLABAMBA,SOLTERO(A),NO DEBE,EXAMEN ADMISION ORDINARIO,NO DESTACADO,PUBLICA,OTROS DISTRITOS,Z,FEMENINO
498,OTRAS SEDES,CONTABILIDAD,CUSCO,A,QUILLABAMBA,SOLTERO(A),NO DEBE,EXAMEN ADMISION ORDINARIO,NO DESTACADO,PRIVADA,OTROS DISTRITOS,Z,MASCULINO
499,OTRAS SEDES,CONTABILIDAD,CUSCO,A,QUILLABAMBA,SOLTERO(A),SEGUNDA CATEGORIA,EXAMEN ADMISION ORDINARIO,NO DESTACADO,PRIVADA,OTROS DISTRITOS,Z,FEMENINO
500,OTRAS SEDES,CONTABILIDAD,CUSCO,A,QUILLABAMBA,NaN,NO DEBE,EXAMEN ADMISION ORDINARIO,NO DESTACADO,PUBLICA,OTROS DISTRITOS,Z,MASCULINO
501,OTRAS SEDES,CONTABILIDAD,CUSCO,A,QUILLABAMBA,SOLTERO(A),NO DEBE,EXAMEN ADMISION ORDINARIO,NO DESTACADO,PUBLICA,OTROS DISTRITOS,Z,FEMENINO
502,OTRAS SEDES,CONTABILIDAD,CUSCO,A,QUILLABAMBA,SOLTERO(A),SEGUNDA CATEGORIA,EXAMEN ADMISION ORDINARIO,NO DESTACADO,PRIVADA,OTROS DISTRITOS,Z,FEMENINO
503,CUSCO,CONTABILIDAD,CUSCO,A,CUSCO,SOLTERO(A),NO DEBE,EXAMEN ADMISION ORDINARIO,NO DESTACADO,PUBLICA,OTROS DISTRITOS,Z,FEMENINO
504,OTRAS SEDES,CONTABILIDAD,CUSCO,A,QUILLABAMBA,SOLTERO(A),NO DEBE,EXAMEN ADMISION ORDINARIO,NO DESTACADO,PUBLICA,OTROS DISTRITOS,Z,FEMENINO
505,OTRAS SEDES,CONTABILIDAD,CUSCO,C,QUILLABAMBA,SOLTERO(A),NO DEBE,EXAMEN ADMISION ORDINARIO,NO DESTACADO,PRIVADA,OTROS DISTRITOS,X,MASCULINO
506,OTRAS SEDES,CONTABILIDAD,CUSCO,C,QUILLABAMBA,SOLTERO(A),NO DEBE,EXAMEN ADMISION ORDINARIO,NO DESTACADO,PRIVADA,OTROS DISTRITOS,X,FEMENINO
507,OTRAS SEDES,CONTABILIDAD,CUSCO,A,QUILLABAMBA,SOLTERO(A),NO DEBE,EXAMEN ADMISION ORDINARIO,NO DESTACADO,PUBLICA,OTROS DISTRITOS,Z,FEMENINO
508,CUSCO,CONTABILIDAD,CUSCO,B,SAN SEBASTIAN,SOLTERO(A),NO DEBE,EXAMEN ADMISION ORDINARIO,ESPERADO,PUBLICA,OTROS DISTRITOS,Y,FEMENINO
509,OTRAS SEDES,CONTABILIDAD,CUSCO,B,QUILLABAMBA,SOLTERO(A),TERCERA CATEGORIA,EXAMEN ADMISION ORDINARIO,NO DESTACADO,PUBLICA,OTROS DISTRITOS,Y,FEMENINO
510,OTRAS SEDES,CONTABILIDAD,CUSCO,A,QUILLABAMBA,SOLTERO(A),NO DEBE,EXAMEN ADMISION ORDINARIO,ESPERADO,PUBLICA,OTROS DISTRITOS,Z,MASCULINO
511,OTRAS SEDES,CONTABILIDAD,CUSCO,B,QUILLABAMBA,SOLTERO(A),PRIMERA CATEGORIA,EXAMEN ADMISION ORDINARIO,ESPERADO,PUBLICA,OTROS DISTRITOS,X,FEMENINO
512,OTRAS SEDES,CONTABILIDAD,CUSCO,C,QUILLABAMBA,NaN,NO DEBE,EXAMEN ADMISION ORDINARIO,ESPERADO,PUBLICA,OTROS DISTRITOS,X,MASCULINO
513,OTRAS SEDES,CONTABILIDAD,CUSCO,A,QUILLABAMBA,SOLTERO(A),TERCERA CATEGORIA,EXAMEN ADMISION ORDINARIO,NO DESTACADO,PUBLICA,OTROS DISTRITOS,Z,FEMENINO
514,OTRAS SEDES,CONTABILIDAD,CUSCO,B,QUILLABAMBA,NaN,SEGUNDA CATEGORIA,EXAMEN ADMISION ORDINARIO,NO DESTACADO,PUBLICA,OTROS DISTRITOS,Y,FEMENINO
515,OTRAS SEDES,CONTABILIDAD,CUSCO,B,QUILLABAMBA,NaN,PRIMERA CATEGORIA,EXAMEN ADMISION ORDINARIO,NO DESTACADO,PUBLICA,OTROS DISTRITOS,Y,FEMENINO
516,OTRAS SEDES,CONTABILIDAD,CUSCO,B,QUILLABAMBA,SOLTERO(A),NO DEBE,EXAMEN ADMISION ORDINARIO,NO DESTACADO,PUBLICA,OTROS DISTRITOS,Y,FEMENINO
517,OTRAS SEDES,CONTABILIDAD,CUSCO,C,QUILLABAMBA,SOLTERO(A),NO DEBE,EXAMEN ADMISION ORDINARIO,NO DESTACADO,PUBLICA,OTROS DISTRITOS,X,MASCULINO
518,OTRAS SEDES,CONTABILIDAD,CUSCO,B,QUILLABAMBA,SOLTERO(A),NO DEBE,EXAMEN ADMISION ORDINARIO,NO DESTACADO,PRIVADA,OTROS DISTRITOS,Y,MASCULINO
519,OTRAS SEDES,CONTABILIDAD,CUSCO,C,QUILLABAMBA,SOLTERO(A),NO DEBE,EXAMEN ADMISION ORDINARIO,NO DESTACADO,PUBLICA,OTROS DISTRITOS,X,MASCULINO
520,OTRAS SEDES,CONTABILIDAD,CUSCO,C,QUILLABAMBA,SOLTERO(A),NO DEBE,EXAMEN ADMISION ORDINARIO,ESPERADO,PRIVADA,OTROS DISTRITOS,X,MASCULINO
521,OTRAS SEDES,CONTABILIDAD,CUSCO,B,QUILLABAMBA,NaN,PRIMERA CATEGORIA,EXAMEN ADMISION ORDINARIO,ESPERADO,PRIVADA,OTROS DISTRITOS,Y,FEMENINO
522,CUSCO,CONTABILIDAD,CUSCO,A,QUILLABAMBA,SOLTERO(A),NO DEBE,EXAMEN ADMISION ORDINARIO,NO DESTACADO,PUBLICA,OTROS DISTRITOS,Z,FEMENINO
523,OTRAS SEDES,CONTABILIDAD,CUSCO,B,QUILLABAMBA,NaN,PRIMERA CATEGORIA,EXAMEN ADMISION ORDINARIO,NO DESTACADO,PUBLICA,OTROS DISTRITOS,Y,MASCULINO
524,OTRAS SEDES,CONTABILIDAD,CUSCO,B,QUILLABAMBA,NaN,NO DEBE,EXAMEN ADMISION ORDINARIO,NO DESTACADO,PUBLICA,OTROS DISTRITOS,Y,FEMENINO
525,OTRAS SEDES,CONTABILIDAD,CUSCO,C,QUILLABAMBA,SOLTERO(A),NO DEBE,EXAMEN ADMISION ORDINARIO,NO DESTACADO,PUBLICA,OTROS DISTRITOS,X,MASCULINO
526,OTRAS SEDES,CONTABILIDAD,CUSCO,A,QUILLABAMBA,SOLTERO(A),NO DEBE,EXAMEN ADMISION ORDINARIO,NO DESTACADO,PUBLICA,OTROS DISTRITOS,Z,FEMENINO
527,OTRAS SEDES,CONTABILIDAD,CUSCO,B,QUILLABAMBA,SOLTERO(A),NO DEBE,EXAMEN ADMISION ORDINARIO,NO DESTACADO,PUBLICA,OTROS DISTRITOS,Y,MASCULINO
528,OTRAS SEDES,CONTABILIDAD,CUSCO,B,QUILLABAMBA,SOLTERO(A),PRIMERA CATEGORIA,EXAMEN ADMISION ORDINARIO,NO DESTACADO,PUBLICA,OTROS DISTRITOS,Y,MASCULINO
529,OTRAS SEDES,CONTABILIDAD,CUSCO,B,QUILLABAMBA,SOLTERO(A),NO DEBE,EXAMEN ADMISION ORDINARIO,NO DESTACADO,PUBLICA,OTROS DISTRITOS,Y,FEMENINO
530,OTRAS SEDES,CONTABILIDAD,CUSCO,B,QUILLABAMBA,NaN,PRIMERA CATEGORIA,EXAMEN ADMISION ORDINARIO,NO DESTACADO,PRIVADA,OTROS DISTRITOS,X,MASCULINO
531,OTRAS SEDES,CONTABILIDAD,CUSCO,B,QUILLABAMBA,NaN,TERCERA CATEGORIA,EXAMEN ADMISION ORDINARIO,ESPERADO,PUBLICA,OTROS DISTRITOS,X,FEMENINO
532,OTRAS SEDES,CONTABILIDAD,CUSCO,C,QUILLABAMBA,SOLTERO(A),PRIMERA CATEGORIA,EXAMEN ADMISION ORDINARIO,NO DESTACADO,PUBLICA,OTROS DISTRITOS,X,MASCULINO
533,OTRAS SEDES,CONTABILIDAD,CUSCO,B,QUILLABAMBA,SOLTERO(A),NO DEBE,EXAMEN ADMISION ORDINARIO,ESPERADO,PRIVADA,OTROS DISTRITOS,Z,MASCULINO
534,OTRAS SEDES,CONTABILIDAD,CUSCO,C,QUILLABAMBA,NaN,PRIMERA CATEGORIA,EXAMEN ADMISION ORDINARIO,ESPERADO,PUBLICA,OTROS DISTRITOS,X,MASCULINO
535,OTRAS SEDES,CONTABILIDAD,CUSCO,C,QUILLABAMBA,SOLTERO(A),TERCERA CATEGORIA,EXAMEN ADMISION ORDINARIO,NO DESTACADO,PUBLICA,OTROS DISTRITOS,X,FEMENINO
536,OTRAS SEDES,CONTABILIDAD,CUSCO,B,QUILLABAMBA,NaN,NO DEBE,EXAMEN ADMISION ORDINARIO,ESPERADO,PRIVADA,OTROS DISTRITOS,Y,MASCULINO
537,OTRAS SEDES,CONTABILIDAD,CUSCO,A,QUILLABAMBA,SOLTERO(A),SEGUNDA CATEGORIA,EXAMEN ADMISION ORDINARIO,ESPERADO,PUBLICA,OTROS DISTRITOS,Z,FEMENINO
538,OTRAS SEDES,CONTABILIDAD,CUSCO,A,QUILLABAMBA,SOLTERO(A),NO DEBE,EXAMEN ADMISION ORDINARIO,ESPERADO,PUBLICA,OTROS DISTRITOS,Z,MASCULINO
539,OTRAS SEDES,CONTABILIDAD,CUSCO,C,QUILLABAMBA,SOLTERO(A),NO DEBE,EXAMEN ADMISION ORDINARIO,NO DESTACADO,PUBLICA,OTROS DISTRITOS,X,MASCULINO
540,OTRAS SEDES,CONTABILIDAD,CUSCO,C,QUILLABAMBA,SOLTERO(A),SEGUNDA CATEGORIA,EXAMEN ADMISION ORDINARIO,NO DESTACADO,PUBLICA,OTROS DISTRITOS,X,MASCULINO
541,CUSCO,CONTABILIDAD,CUSCO,B,SAN SEBASTIAN,SOLTERO(A),NO DEBE,EXAMEN ADMISION ORDINARIO,ESPERADO,PRIVADA,OTROS DISTRITOS,Y,FEMENINO
542,OTRAS SEDES,CONTABILIDAD,CUSCO,C,QUILLABAMBA,SOLTERO(A),NO DEBE,EXAMEN ADMISION ORDINARIO,NO DESTACADO,PUBLICA,OTROS DISTRITOS,X,FEMENINO
543,OTRAS SEDES,CONTABILIDAD,CUSCO,C,QUILLABAMBA,SOLTERO(A),NO DEBE,EXAMEN ADMISION ORDINARIO,NO DESTACADO,PUBLICA,OTROS DISTRITOS,X,FEMENINO
544,OTRAS SEDES,CONTABILIDAD,CUSCO,C,PUERTO MALDONaNDO,SOLTERO(A),PRIMERA CATEGORIA,EXAMEN ADMISION ORDINARIO,NO DESTACADO,PUBLICA,OTROS DISTRITOS,X,FEMENINO
545,CUSCO,CONTABILIDAD,CUSCO,C,SAN SEBASTIAN,SOLTERO(A),NO DEBE,EXAMEN ADMISION ORDINARIO,NO DESTACADO,PUBLICA,OTROS DISTRITOS,Z,FEMENINO
546,CUSCO,CONTABILIDAD,CUSCO,B,SAN SEBASTIAN,SOLTERO(A),CUARTA CATEGORIA,OTRAS MODALIDADES,ESPERADO,PUBLICA,OTROS DISTRITOS,Y,FEMENINO
547,OTRAS SEDES,CONTABILIDAD,CUSCO,A,QUILLABAMBA,SOLTERO(A),NO DEBE,EXAMEN ADMISION ORDINARIO,NO DESTACADO,PUBLICA,OTROS DISTRITOS,Z,FEMENINO
548,OTRAS SEDES,CONTABILIDAD,CUSCO,B,QUILLABAMBA,OTROS,CUARTA CATEGORIA,EXAMEN ADMISION ORDINARIO,NO DESTACADO,PUBLICA,OTROS DISTRITOS,Z,FEMENINO
549,OTRAS SEDES,CONTABILIDAD,CUSCO,C,QUILLABAMBA,NaN,SEGUNDA CATEGORIA,EXAMEN ADMISION ORDINARIO,NO DESTACADO,PRIVADA,OTROS DISTRITOS,Y,MASCULINO
550,OTRAS SEDES,CONTABILIDAD,CUSCO,C,QUILLABAMBA,NaN,PRIMERA CATEGORIA,EXAMEN ADMISION ORDINARIO,NO DESTACADO,PUBLICA,OTROS DISTRITOS,X,FEMENINO
551,OTRAS SEDES,CONTABILIDAD,CUSCO,B,QUILLABAMBA,SOLTERO(A),NO DEBE,EXAMEN ADMISION ORDINARIO,NO DESTACADO,PRIVADA,OTROS DISTRITOS,Z,MASCULINO
552,CUSCO,CONTABILIDAD,CUSCO,C,WANCHAQ,SOLTERO(A),NO DEBE,OTRAS MODALIDADES,NO DESTACADO,PUBLICA,OTROS DISTRITOS,X,MASCULINO
553,OTRAS SEDES,CONTABILIDAD,CUSCO,C,QUILLABAMBA,SOLTERO(A),NO DEBE,EXAMEN ADMISION ORDINARIO,ESPERADO,PUBLICA,OTROS DISTRITOS,X,FEMENINO
554,OTRAS SEDES,CONTABILIDAD,CUSCO,B,QUILLABAMBA,SOLTERO(A),SEGUNDA CATEGORIA,EXAMEN ADMISION ORDINARIO,NO DESTACADO,PUBLICA,OTROS DISTRITOS,Y,FEMENINO
555,OTRAS SEDES,CONTABILIDAD,CUSCO,B,QUILLABAMBA,NaN,SEGUNDA CATEGORIA,EXAMEN ADMISION ORDINARIO,NO DESTACADO,PRIVADA,OTROS DISTRITOS,Z,FEMENINO
556,OTRAS SEDES,CONTABILIDAD,CUSCO,B,QUILLABAMBA,SOLTERO(A),CUARTA CATEGORIA,EXAMEN ADMISION ORDINARIO,NO DESTACADO,PUBLICA,OTROS DISTRITOS,Y,FEMENINO
557,OTRAS SEDES,CONTABILIDAD,CUSCO,B,PUERTO MALDONaNDO,SOLTERO(A),NO DEBE,EXAMEN ADMISION ORDINARIO,NO DESTACADO,PUBLICA,OTROS DISTRITOS,Y,MASCULINO
558,CUSCO,INGENIERIA CIVIL,CUSCO,B,SAN SEBASTIAN,SOLTERO(A),SEGUNDA CATEGORIA,EXAMEN ADMISION ORDINARIO,ESPERADO,PUBLICA,OTROS DISTRITOS,Y,MASCULINO
559,CUSCO,INGENIERIA CIVIL,CUSCO,C,SAN SEBASTIAN,SOLTERO(A),NO DEBE,EXAMEN ADMISION ORDINARIO,DESTACADO,PRIVADA,OTROS DISTRITOS,X,MASCULINO
560,CUSCO,CONTABILIDAD,CUSCO,B,SAN SEBASTIAN,SOLTERO(A),NO DEBE,EXAMEN ADMISION ORDINARIO,NO DESTACADO,PRIVADA,OTROS DISTRITOS,Z,FEMENINO
561,CUSCO,INGENIERIA DE SISTEMAS,CUSCO,B,NaN,NaN,NO DEBE,EXAMEN ADMISION ORDINARIO,ESPERADO,PUBLICA,OTROS DISTRITOS,Y,MASCULINO
562,CUSCO,INGENIERIA CIVIL,CUSCO,B,NaN,NaN,NO DEBE,EXAMEN ADMISION ORDINARIO,DESTACADO,PRIVADA,OTROS DISTRITOS,Z,FEMENINO
563,CUSCO,INGENIERIA CIVIL,CUSCO,A,OTROS,SOLTERO(A),NO DEBE,EXAMEN ADMISION ORDINARIO,DESTACADO,PUBLICA,OTROS DISTRITOS,Z,MASCULINO
564,CUSCO,INGENIERIA DE SISTEMAS,CUSCO,C,NaN,NaN,SEGUNDA CATEGORIA,EXAMEN ADMISION ORDINARIO,ESPERADO,PRIVADA,OTROS DISTRITOS,X,MASCULINO
565,CUSCO,CONTABILIDAD,CUSCO,C,NaN,NaN,PRIMERA CATEGORIA,EXAMEN ADMISION ORDINARIO,DESTACADO,PUBLICA,OTROS DISTRITOS,X,MASCULINO
566,CUSCO,CONTABILIDAD,CUSCO,B,SAN SEBASTIAN,SOLTERO(A),CUARTA CATEGORIA,OTRAS MODALIDADES,ESPERADO,PUBLICA,OTROS DISTRITOS,Y,FEMENINO
567,CUSCO,INGENIERIA CIVIL,CUSCO,C,SAN JERONIMO,SOLTERO(A),NO DEBE,EXAMEN ADMISION ORDINARIO,DESTACADO,PUBLICA,OTROS DISTRITOS,X,FEMENINO
568,CUSCO,CONTABILIDAD,CUSCO,B,OTROS,SOLTERO(A),NO DEBE,EXAMEN ADMISION ORDINARIO,NO DESTACADO,PUBLICA,OTROS DISTRITOS,Z,MASCULINO
569,CUSCO,CONTABILIDAD,CUSCO,B,SAN SEBASTIAN,SOLTERO(A),NO DEBE,EXAMEN ADMISION ORDINARIO,ESPERADO,PUBLICA,OTROS DISTRITOS,Y,FEMENINO
570,CUSCO,CONTABILIDAD,CUSCO,C,QUILLABAMBA,SOLTERO(A),NO DEBE,EXAMEN ADMISION ORDINARIO,DESTACADO,PUBLICA,OTROS DISTRITOS,X,FEMENINO
571,CUSCO,CONTABILIDAD,CUSCO,C,WANCHAQ,SOLTERO(A),NO DEBE,OTRAS MODALIDADES,ESPERADO,PUBLICA,OTROS DISTRITOS,Y,FEMENINO
572,CUSCO,CONTABILIDAD,CUSCO,C,WANCHAQ,SOLTERO(A),NO DEBE,EXAMEN ADMISION ORDINARIO,ESPERADO,PUBLICA,CUSCO,Y,FEMENINO
573,CUSCO,CONTABILIDAD,CUSCO,A,SAN SEBASTIAN,SOLTERO(A),NO DEBE,EXAMEN ADMISION ORDINARIO,ESPERADO,PRIVADA,OTROS DISTRITOS,Z,FEMENINO
574,CUSCO,INGENIERIA CIVIL,CUSCO,A,CUSCO,SOLTERO(A),NO DEBE,EXAMEN ADMISION ORDINARIO,DESTACADO,PRIVADA,OTROS DISTRITOS,Z,MASCULINO
575,CUSCO,INGENIERIA CIVIL,CUSCO,C,SAN SEBASTIAN,SOLTERO(A),NO DEBE,EXAMEN ADMISION ORDINARIO,DESTACADO,PUBLICA,OTROS DISTRITOS,X,MASCULINO
576,CUSCO,INGENIERIA CIVIL,CUSCO,B,CUSCO,SOLTERO(A),NO DEBE,OTRAS MODALIDADES,ESPERADO,PUBLICA,OTROS DISTRITOS,Y,FEMENINO
577,CUSCO,TURISMO,CUSCO,B,OTROS,SOLTERO(A),NO DEBE,EXAMEN ADMISION ORDINARIO,ESPERADO,PUBLICA,OTROS DISTRITOS,Y,MASCULINO
578,CUSCO,CONTABILIDAD,CUSCO,B,CUSCO,SOLTERO(A),PRIMERA CATEGORIA,EXAMEN ADMISION ORDINARIO,ESPERADO,PUBLICA,OTROS DISTRITOS,Y,MASCULINO
579,CUSCO,INGENIERIA DE SISTEMAS,CUSCO,A,WANCHAQ,SOLTERO(A),NO DEBE,EXAMEN ADMISION ORDINARIO,ESPERADO,PRIVADA,CUSCO,Z,MASCULINO
580,CUSCO,CONTABILIDAD,CUSCO,A,CUSCO,SOLTERO(A),PRIMERA CATEGORIA,EXAMEN ADMISION ORDINARIO,NO DESTACADO,PRIVADA,OTROS DISTRITOS,Z,FEMENINO
581,CUSCO,CONTABILIDAD,CUSCO,C,NaN,NaN,NO DEBE,EXAMEN ADMISION ORDINARIO,ESPERADO,PUBLICA,OTROS DISTRITOS,X,FEMENINO
582,CUSCO,CONTABILIDAD,CUSCO,C,NaN,NaN,PRIMERA CATEGORIA,EXAMEN ADMISION ORDINARIO,ESPERADO,PUBLICA,OTROS DISTRITOS,X,FEMENINO
583,OTRAS SEDES,CONTABILIDAD,OTROS UBIGEO,B,NaN,NaN,NO DEBE,EXAMEN ADMISION ORDINARIO,NO DESTACADO,PUBLICA,OTROS DISTRITOS,Z,FEMENINO
584,CUSCO,CONTABILIDAD,OTROS UBIGEO,A,CUSCO,SOLTERO(A),NO DEBE,EXAMEN ADMISION ORDINARIO,NO DESTACADO,PUBLICA,OTROS DISTRITOS,Z,FEMENINO
585,CUSCO,INGENIERIA CIVIL,OTROS UBIGEO,B,WANCHAQ,SOLTERO(A),NO DEBE,EXAMEN ADMISION ORDINARIO,NO DESTACADO,PRIVADA,OTROS DISTRITOS,Z,MASCULINO
586,CUSCO,TURISMO,OTROS UBIGEO,B,NaN,NaN,PRIMERA CATEGORIA,EXAMEN ADMISION ORDINARIO,ESPERADO,PRIVADA,OTROS DISTRITOS,Y,MASCULINO
587,OTRAS SEDES,INGENIERIA DE SISTEMAS,OTROS UBIGEO,A,NaN,NaN,PRIMERA CATEGORIA,EXAMEN ADMISION ORDINARIO,NO DESTACADO,PUBLICA,OTROS DISTRITOS,Z,MASCULINO
588,CUSCO,INGENIERIA CIVIL,OTROS UBIGEO,B,NaN,NaN,NO DEBE,EXAMEN ADMISION ORDINARIO,DESTACADO,PRIVADA,OTROS DISTRITOS,Y,FEMENINO
589,CUSCO,TURISMO,OTROS UBIGEO,A,WANCHAQ,SOLTERO(A),NO DEBE,EXAMEN ADMISION ORDINARIO,NO DESTACADO,PRIVADA,OTROS DISTRITOS,Z,MASCULINO
590,OTRAS SEDES,CONTABILIDAD,OTROS UBIGEO,A,QUILLABAMBA,SOLTERO(A),NO DEBE,EXAMEN ADMISION ORDINARIO,NO DESTACADO,PUBLICA,OTROS DISTRITOS,Z,FEMENINO
591,CUSCO,TURISMO,OTROS UBIGEO,C,SANTIAGO,SOLTERO(A),NO DEBE,EXAMEN ADMISION ORDINARIO,ESPERADO,PRIVADA,OTROS DISTRITOS,Y,MASCULINO
592,OTRAS SEDES,CONTABILIDAD,OTROS UBIGEO,B,PUERTO MALDONaNDO,SOLTERO(A),NO DEBE,EXAMEN ADMISION ORDINARIO,NO DESTACADO,PRIVADA,OTROS DISTRITOS,Z,MASCULINO
593,CUSCO,TURISMO,OTROS UBIGEO,B,OTROS,SOLTERO(A),PRIMERA CATEGORIA,EXAMEN ADMISION ORDINARIO,NO DESTACADO,PRIVADA,OTROS DISTRITOS,Z,FEMENINO
594,CUSCO,INGENIERIA DE SISTEMAS,OTROS UBIGEO,A,NaN,NaN,PRIMERA CATEGORIA,EXAMEN ADMISION ORDINARIO,ESPERADO,PRIVADA,OTROS DISTRITOS,Z,MASCULINO
595,OTRAS SEDES,CONTABILIDAD,OTROS UBIGEO,A,NaN,NaN,SEGUNDA CATEGORIA,EXAMEN ADMISION ORDINARIO,NO DESTACADO,PRIVADA,OTROS DISTRITOS,Z,MASCULINO
596,OTRAS SEDES,CONTABILIDAD,OTROS UBIGEO,B,NaN,NaN,SEGUNDA CATEGORIA,EXAMEN ADMISION ORDINARIO,ESPERADO,PRIVADA,OTROS DISTRITOS,X,FEMENINO
597,CUSCO,TURISMO,OTROS UBIGEO,A,SAN SEBASTIAN,SOLTERO(A),PRIMERA CATEGORIA,EXAMEN ADMISION ORDINARIO,NO DESTACADO,PRIVADA,OTROS DISTRITOS,Z,MASCULINO
598,CUSCO,TURISMO,OTROS UBIGEO,C,NaN,NaN,NO DEBE,EXAMEN ADMISION ORDINARIO,ESPERADO,PUBLICA,OTROS DISTRITOS,X,FEMENINO
599,OTRAS SEDES,CONTABILIDAD,OTROS UBIGEO,C,NaN,NaN,PRIMERA CATEGORIA,EXAMEN ADMISION ORDINARIO,NO DESTACADO,PUBLICA,OTROS DISTRITOS,X,MASCULINO
600,CUSCO,CONTABILIDAD,OTROS UBIGEO,A,SAN JERONIMO,SOLTERO(A),NO DEBE,EXAMEN ADMISION ORDINARIO,NO DESTACADO,PRIVADA,OTROS DISTRITOS,Z,FEMENINO
601,OTRAS SEDES,INGENIERIA DE SISTEMAS,OTROS UBIGEO,C,PUERTO MALDONaNDO,SOLTERO(A),NO DEBE,EXAMEN ADMISION ORDINARIO,NO DESTACADO,PUBLICA,OTROS DISTRITOS,X,MASCULINO
602,CUSCO,TURISMO,OTROS UBIGEO,B,NaN,NaN,PRIMERA CATEGORIA,EXAMEN ADMISION ORDINARIO,ESPERADO,PUBLICA,OTROS DISTRITOS,X,MASCULINO
603,CUSCO,TURISMO,OTROS UBIGEO,B,WANCHAQ,SOLTERO(A),PRIMERA CATEGORIA,EXAMEN ADMISION ORDINARIO,ESPERADO,PRIVADA,OTROS DISTRITOS,Z,MASCULINO
604,OTRAS SEDES,CONTABILIDAD,OTROS UBIGEO,A,PUERTO MALDONaNDO,SOLTERO(A),NO DEBE,EXAMEN ADMISION ORDINARIO,NO DESTACADO,PUBLICA,OTROS DISTRITOS,Z,FEMENINO
605,OTRAS SEDES,CONTABILIDAD,OTROS UBIGEO,A,NaN,NaN,NO DEBE,EXAMEN ADMISION ORDINARIO,NO DESTACADO,PUBLICA,OTROS DISTRITOS,Z,MASCULINO
606,OTRAS SEDES,CONTABILIDAD,OTROS UBIGEO,A,PUERTO MALDONaNDO,SOLTERO(A),PRIMERA CATEGORIA,EXAMEN ADMISION ORDINARIO,NO DESTACADO,PUBLICA,OTROS DISTRITOS,Z,FEMENINO
607,CUSCO,CONTABILIDAD,OTROS UBIGEO,A,SAN JERONIMO,SOLTERO(A),NO DEBE,EXAMEN ADMISION ORDINARIO,NO DESTACADO,PUBLICA,OTROS DISTRITOS,Z,FEMENINO
608,CUSCO,CONTABILIDAD,OTROS UBIGEO,B,PUERTO MALDONaNDO,SOLTERO(A),NO DEBE,EXAMEN ADMISION ORDINARIO,NO DESTACADO,PUBLICA,OTROS DISTRITOS,Z,FEMENINO
609,OTRAS SEDES,CONTABILIDAD,OTROS UBIGEO,A,NaN,NaN,PRIMERA CATEGORIA,EXAMEN ADMISION ORDINARIO,NO DESTACADO,PUBLICA,OTROS DISTRITOS,Z,FEMENINO
610,OTRAS SEDES,INGENIERIA DE SISTEMAS,OTROS UBIGEO,A,PUERTO MALDONaNDO,SOLTERO(A),NO DEBE,EXAMEN ADMISION ORDINARIO,NO DESTACADO,PUBLICA,OTROS DISTRITOS,Z,FEMENINO
611,OTRAS SEDES,CONTABILIDAD,OTROS UBIGEO,B,PUERTO MALDONaNDO,SOLTERO(A),TERCERA CATEGORIA,EXAMEN ADMISION ORDINARIO,NO DESTACADO,PUBLICA,OTROS DISTRITOS,Z,FEMENINO
612,OTRAS SEDES,CONTABILIDAD,OTROS UBIGEO,B,PUERTO MALDONaNDO,SOLTERO(A),CUARTA CATEGORIA,EXAMEN ADMISION ORDINARIO,NO DESTACADO,PUBLICA,OTROS DISTRITOS,Y,FEMENINO
613,OTRAS SEDES,CONTABILIDAD,OTROS UBIGEO,A,PUERTO MALDONaNDO,SOLTERO(A),SEGUNDA CATEGORIA,EXAMEN ADMISION ORDINARIO,NO DESTACADO,PUBLICA,OTROS DISTRITOS,Z,FEMENINO
614,OTRAS SEDES,CONTABILIDAD,OTROS UBIGEO,A,PUERTO MALDONaNDO,SOLTERO(A),CUARTA CATEGORIA,EXAMEN ADMISION ORDINARIO,NO DESTACADO,PUBLICA,OTROS DISTRITOS,Z,FEMENINO
615,OTRAS SEDES,CONTABILIDAD,OTROS UBIGEO,A,PUERTO MALDONaNDO,SOLTERO(A),NO DEBE,EXAMEN ADMISION ORDINARIO,NO DESTACADO,PUBLICA,OTROS DISTRITOS,Y,FEMENINO
616,OTRAS SEDES,CONTABILIDAD,OTROS UBIGEO,C,PUERTO MALDONaNDO,SOLTERO(A),NO DEBE,EXAMEN ADMISION ORDINARIO,NO DESTACADO,PUBLICA,OTROS DISTRITOS,X,FEMENINO
617,OTRAS SEDES,CONTABILIDAD,OTROS UBIGEO,B,NaN,NaN,SEGUNDA CATEGORIA,EXAMEN ADMISION ORDINARIO,NO DESTACADO,PRIVADA,OTROS DISTRITOS,Z,MASCULINO
618,OTRAS SEDES,CONTABILIDAD,OTROS UBIGEO,C,NaN,NaN,PRIMERA CATEGORIA,EXAMEN ADMISION ORDINARIO,NO DESTACADO,PUBLICA,OTROS DISTRITOS,X,FEMENINO
619,OTRAS SEDES,CONTABILIDAD,OTROS UBIGEO,C,PUERTO MALDONaNDO,SOLTERO(A),NO DEBE,EXAMEN ADMISION ORDINARIO,NO DESTACADO,PUBLICA,OTROS DISTRITOS,X,FEMENINO
620,OTRAS SEDES,CONTABILIDAD,OTROS UBIGEO,B,PUERTO MALDONaNDO,SOLTERO(A),SEGUNDA CATEGORIA,EXAMEN ADMISION ORDINARIO,NO DESTACADO,PUBLICA,OTROS DISTRITOS,Z,FEMENINO
621,OTRAS SEDES,CONTABILIDAD,OTROS UBIGEO,B,PUERTO MALDONaNDO,OTROS,NO DEBE,EXAMEN ADMISION ORDINARIO,NO DESTACADO,PUBLICA,OTROS DISTRITOS,Y,FEMENINO
622,OTRAS SEDES,CONTABILIDAD,OTROS UBIGEO,C,NaN,NaN,PRIMERA CATEGORIA,EXAMEN ADMISION ORDINARIO,NO DESTACADO,PUBLICA,OTROS DISTRITOS,X,MASCULINO
623,OTRAS SEDES,CONTABILIDAD,OTROS UBIGEO,C,NaN,NaN,PRIMERA CATEGORIA,EXAMEN ADMISION ORDINARIO,NO DESTACADO,PUBLICA,OTROS DISTRITOS,X,FEMENINO
624,CUSCO,CONTABILIDAD,OTROS UBIGEO,B,PUERTO MALDONaNDO,SOLTERO(A),NO DEBE,EXAMEN ADMISION ORDINARIO,NO DESTACADO,PUBLICA,OTROS DISTRITOS,Y,FEMENINO
625,OTRAS SEDES,CONTABILIDAD,OTROS UBIGEO,B,PUERTO MALDONaNDO,SOLTERO(A),NO DEBE,EXAMEN ADMISION ORDINARIO,NO DESTACADO,PUBLICA,OTROS DISTRITOS,Y,MASCULINO
626,OTRAS SEDES,CONTABILIDAD,OTROS UBIGEO,B,NaN,NaN,NO DEBE,EXAMEN ADMISION ORDINARIO,NO DESTACADO,PUBLICA,OTROS DISTRITOS,Y,FEMENINO
627,OTRAS SEDES,CONTABILIDAD,OTROS UBIGEO,C,NaN,NaN,SEGUNDA CATEGORIA,EXAMEN ADMISION ORDINARIO,NO DESTACADO,PUBLICA,OTROS DISTRITOS,X,FEMENINO
628,OTRAS SEDES,CONTABILIDAD,OTROS UBIGEO,A,NaN,NaN,TERCERA CATEGORIA,EXAMEN ADMISION ORDINARIO,NO DESTACADO,PRIVADA,OTROS DISTRITOS,Z,MASCULINO
629,OTRAS SEDES,CONTABILIDAD,OTROS UBIGEO,C,PUERTO MALDONaNDO,SOLTERO(A),SEGUNDA CATEGORIA,EXAMEN ADMISION ORDINARIO,NO DESTACADO,PUBLICA,OTROS DISTRITOS,X,MASCULINO
630,OTRAS SEDES,CONTABILIDAD,OTROS UBIGEO,C,NaN,NaN,SEGUNDA CATEGORIA,EXAMEN ADMISION ORDINARIO,NO DESTACADO,PUBLICA,OTROS DISTRITOS,X,MASCULINO
631,OTRAS SEDES,CONTABILIDAD,OTROS UBIGEO,C,PUERTO MALDONaNDO,SOLTERO(A),NO DEBE,EXAMEN ADMISION ORDINARIO,NO DESTACADO,PUBLICA,OTROS DISTRITOS,X,FEMENINO
632,OTRAS SEDES,CONTABILIDAD,OTROS UBIGEO,C,PUERTO MALDONaNDO,SOLTERO(A),NO DEBE,EXAMEN ADMISION ORDINARIO,NO DESTACADO,PUBLICA,OTROS DISTRITOS,X,FEMENINO
633,OTRAS SEDES,CONTABILIDAD,OTROS UBIGEO,B,PUERTO MALDONaNDO,SOLTERO(A),NO DEBE,EXAMEN ADMISION ORDINARIO,NO DESTACADO,PUBLICA,OTROS DISTRITOS,Y,MASCULINO
634,OTRAS SEDES,CONTABILIDAD,OTROS UBIGEO,C,PUERTO MALDONaNDO,SOLTERO(A),NO DEBE,EXAMEN ADMISION ORDINARIO,NO DESTACADO,PUBLICA,OTROS DISTRITOS,X,FEMENINO
635,OTRAS SEDES,INGENIERIA DE SISTEMAS,OTROS UBIGEO,C,PUERTO MALDONaNDO,NaN,TERCERA CATEGORIA,EXAMEN ADMISION ORDINARIO,NO DESTACADO,PUBLICA,OTROS DISTRITOS,Z,FEMENINO
636,OTRAS SEDES,INGENIERIA DE SISTEMAS,OTROS UBIGEO,C,PUERTO MALDONaNDO,SOLTERO(A),PRIMERA CATEGORIA,EXAMEN ADMISION ORDINARIO,NO DESTACADO,PUBLICA,OTROS DISTRITOS,X,MASCULINO
637,OTRAS SEDES,INGENIERIA DE SISTEMAS,OTROS UBIGEO,B,PUERTO MALDONaNDO,SOLTERO(A),NO DEBE,EXAMEN ADMISION ORDINARIO,NO DESTACADO,PRIVADA,OTROS DISTRITOS,Y,MASCULINO
638,OTRAS SEDES,INGENIERIA DE SISTEMAS,OTROS UBIGEO,A,PUERTO MALDONaNDO,SOLTERO(A),NO DEBE,EXAMEN ADMISION ORDINARIO,NO DESTACADO,PUBLICA,OTROS DISTRITOS,Z,FEMENINO
639,OTRAS SEDES,CONTABILIDAD,OTROS UBIGEO,A,PUERTO MALDONaNDO,SOLTERO(A),NO DEBE,EXAMEN ADMISION ORDINARIO,NO DESTACADO,PUBLICA,OTROS DISTRITOS,Z,MASCULINO
640,OTRAS SEDES,CONTABILIDAD,OTROS UBIGEO,C,PUERTO MALDONaNDO,SOLTERO(A),NO DEBE,EXAMEN ADMISION ORDINARIO,NO DESTACADO,PUBLICA,OTROS DISTRITOS,X,FEMENINO
641,CUSCO,INGENIERIA DE SISTEMAS,OTROS UBIGEO,A,SAN SEBASTIAN,SOLTERO(A),NO DEBE,EXAMEN ADMISION ORDINARIO,NO DESTACADO,PUBLICA,OTROS DISTRITOS,Z,FEMENINO
642,OTRAS SEDES,CONTABILIDAD,OTROS UBIGEO,C,PUERTO MALDONaNDO,SOLTERO(A),PRIMERA CATEGORIA,EXAMEN ADMISION ORDINARIO,NO DESTACADO,PUBLICA,OTROS DISTRITOS,X,FEMENINO
643,OTRAS SEDES,CONTABILIDAD,OTROS UBIGEO,B,PUERTO MALDONaNDO,OTROS,NO DEBE,EXAMEN ADMISION ORDINARIO,NO DESTACADO,PUBLICA,OTROS DISTRITOS,Z,FEMENINO
644,OTRAS SEDES,CONTABILIDAD,OTROS UBIGEO,A,PUERTO MALDONaNDO,SOLTERO(A),NO DEBE,EXAMEN ADMISION ORDINARIO,NO DESTACADO,PUBLICA,OTROS DISTRITOS,Z,FEMENINO
645,CUSCO,INGENIERIA CIVIL,OTROS UBIGEO,B,SAN SEBASTIAN,SOLTERO(A),NO DEBE,OTRAS MODALIDADES,ESPERADO,PRIVADA,OTROS DISTRITOS,Y,FEMENINO
646,OTRAS SEDES,CONTABILIDAD,OTROS UBIGEO,A,PUERTO MALDONaNDO,SOLTERO(A),TERCERA CATEGORIA,EXAMEN ADMISION ORDINARIO,NO DESTACADO,PUBLICA,OTROS DISTRITOS,Z,MASCULINO
647,OTRAS SEDES,CONTABILIDAD,OTROS UBIGEO,C,SICUANI,SOLTERO(A),NO DEBE,EXAMEN ADMISION ORDINARIO,ESPERADO,PUBLICA,OTROS DISTRITOS,X,FEMENINO
648,CUSCO,TURISMO,OTROS UBIGEO,B,CUSCO,SOLTERO(A),TERCERA CATEGORIA,EXAMEN ADMISION ORDINARIO,ESPERADO,PUBLICA,OTROS DISTRITOS,Y,MASCULINO
649,OTRAS SEDES,CONTABILIDAD,OTROS UBIGEO,C,SICUANI,SOLTERO(A),NO DEBE,EXAMEN ADMISION ORDINARIO,ESPERADO,PUBLICA,OTROS DISTRITOS,X,FEMENINO
650,OTRAS SEDES,CONTABILIDAD,OTROS UBIGEO,B,NaN,NaN,NO DEBE,EXAMEN ADMISION ORDINARIO,DESTACADO,PUBLICA,OTROS DISTRITOS,Y,MASCULINO
651,CUSCO,CONTABILIDAD,OTROS UBIGEO,C,NaN,NaN,NO DEBE,EXAMEN ADMISION ORDINARIO,ESPERADO,PUBLICA,OTROS DISTRITOS,X,MASCULINO
652,CUSCO,CONTABILIDAD,OTROS UBIGEO,A,WANCHAQ,SOLTERO(A),SEGUNDA CATEGORIA,EXAMEN ADMISION ORDINARIO,NO DESTACADO,PUBLICA,OTROS DISTRITOS,Z,FEMENINO
653,CUSCO,CONTABILIDAD,OTROS UBIGEO,A,WANCHAQ,SOLTERO(A),NO DEBE,EXAMEN ADMISION ORDINARIO,NO DESTACADO,PUBLICA,OTROS DISTRITOS,Z,FEMENINO
654,OTRAS SEDES,INGENIERIA DE SISTEMAS,OTROS UBIGEO,A,PUERTO MALDONaNDO,NaN,PRIMERA CATEGORIA,EXAMEN ADMISION ORDINARIO,NO DESTACADO,PUBLICA,OTROS DISTRITOS,Z,MASCULINO
655,OTRAS SEDES,CONTABILIDAD,OTROS UBIGEO,B,SICUANI,NaN,NO DEBE,EXAMEN ADMISION ORDINARIO,DESTACADO,PUBLICA,OTROS DISTRITOS,Y,MASCULINO
656,CUSCO,INGENIERIA CIVIL,OTROS UBIGEO,B,CUSCO,NaN,NO DEBE,EXAMEN ADMISION ORDINARIO,NO DESTACADO,PRIVADA,CUSCO,Z,MASCULINO
657,CUSCO,INGENIERIA DE SISTEMAS,OTROS UBIGEO,A,CUSCO,SOLTERO(A),NO DEBE,EXAMEN ADMISION ORDINARIO,NO DESTACADO,PUBLICA,CUSCO,Z,FEMENINO
658,CUSCO,INGENIERIA DE SISTEMAS,OTROS UBIGEO,A,CUSCO,SOLTERO(A),PRIMERA CATEGORIA,OTRAS MODALIDADES,NO DESTACADO,PRIVADA,CUSCO,Z,MASCULINO
659,CUSCO,TURISMO,OTROS UBIGEO,B,CUSCO,SOLTERO(A),NO DEBE,EXAMEN ADMISION ORDINARIO,NO DESTACADO,PRIVADA,CUSCO,Z,FEMENINO
660,CUSCO,TURISMO,OTROS UBIGEO,B,CUSCO,SOLTERO(A),NO DEBE,EXAMEN ADMISION ORDINARIO,NO DESTACADO,PRIVADA,CUSCO,Z,FEMENINO
661,CUSCO,INGENIERIA CIVIL,OTROS UBIGEO,A,WANCHAQ,SOLTERO(A),PRIMERA CATEGORIA,EXAMEN ADMISION ORDINARIO,DESTACADO,PRIVADA,CUSCO,Z,MASCULINO
662,CUSCO,INGENIERIA CIVIL,OTROS UBIGEO,B,CUSCO,SOLTERO(A),PRIMERA CATEGORIA,EXAMEN ADMISION ORDINARIO,DESTACADO,PRIVADA,CUSCO,X,MASCULINO
663,CUSCO,INGENIERIA CIVIL,OTROS UBIGEO,B,WANCHAQ,SOLTERO(A),NO DEBE,OTRAS MODALIDADES,ESPERADO,PRIVADA,CUSCO,Y,FEMENINO
664,CUSCO,INGENIERIA DE SISTEMAS,OTROS UBIGEO,A,CUSCO,SOLTERO(A),NO DEBE,EXAMEN ADMISION ORDINARIO,ESPERADO,PRIVADA,CUSCO,Z,MASCULINO
665,CUSCO,TURISMO,OTROS UBIGEO,B,CUSCO,SOLTERO(A),TERCERA CATEGORIA,EXAMEN ADMISION ORDINARIO,ESPERADO,PRIVADA,CUSCO,Y,MASCULINO
666,CUSCO,INGENIERIA CIVIL,OTROS UBIGEO,B,WANCHAQ,SOLTERO(A),PRIMERA CATEGORIA,OTRAS MODALIDADES,ESPERADO,PUBLICA,CUSCO,Y,MASCULINO
667,CUSCO,INGENIERIA CIVIL,OTROS UBIGEO,C,WANCHAQ,SOLTERO(A),NO DEBE,EXAMEN ADMISION ORDINARIO,DESTACADO,PUBLICA,OTROS DISTRITOS,X,MASCULINO
668,CUSCO,INGENIERIA CIVIL,OTROS UBIGEO,C,SAN JERONIMO,SOLTERO(A),PRIMERA CATEGORIA,EXAMEN ADMISION ORDINARIO,DESTACADO,PUBLICA,OTROS DISTRITOS,Y,MASCULINO
669,CUSCO,CONTABILIDAD,OTROS UBIGEO,A,CUSCO,SOLTERO(A),NO DEBE,EXAMEN ADMISION ORDINARIO,ESPERADO,PUBLICA,OTROS DISTRITOS,Z,MASCULINO
670,CUSCO,CONTABILIDAD,OTROS UBIGEO,A,SICUANI,SOLTERO(A),SEGUNDA CATEGORIA,EXAMEN ADMISION ORDINARIO,ESPERADO,PRIVADA,OTROS DISTRITOS,Z,FEMENINO
671,CUSCO,INGENIERIA DE SISTEMAS,CUSCO,A,CUSCO,SOLTERO(A),NO DEBE,EXAMEN ADMISION ORDINARIO,NO DESTACADO,PRIVADA,CUSCO,Z,MASCULINO
672,CUSCO,CONTABILIDAD,OTROS UBIGEO,A,CUSCO,SOLTERO(A),PRIMERA CATEGORIA,EXAMEN ADMISION ORDINARIO,NO DESTACADO,PRIVADA,OTROS DISTRITOS,Z,MASCULINO
673,CUSCO,CONTABILIDAD,NaN,A,CUSCO,SOLTERO(A),NO DEBE,OTRAS MODALIDADES,NO DESTACADO,PUBLICA,CUSCO,Z,FEMENINO
674,CUSCO,CONTABILIDAD,NaN,A,WANCHAQ,SOLTERO(A),NO DEBE,EXAMEN ADMISION ORDINARIO,NO DESTACADO,PRIVADA,CUSCO,Z,FEMENINO
675,CUSCO,CONTABILIDAD,NaN,B,SANTIAGO,OTROS,NO DEBE,EXAMEN ADMISION ORDINARIO,ESPERADO,PUBLICA,CUSCO,X,FEMENINO
676,CUSCO,CONTABILIDAD,NaN,A,SAN JERONIMO,SOLTERO(A),NO DEBE,EXAMEN ADMISION ORDINARIO,ESPERADO,PRIVADA,OTROS DISTRITOS,Z,FEMENINO
677,CUSCO,CONTABILIDAD,NaN,A,SANTIAGO,SOLTERO(A),NO DEBE,EXAMEN ADMISION ORDINARIO,ESPERADO,PUBLICA,OTROS DISTRITOS,Z,FEMENINO
678,CUSCO,INGENIERIA CIVIL,NaN,C,SAN JERONIMO,SOLTERO(A),NO DEBE,EXAMEN ADMISION ORDINARIO,DESTACADO,PUBLICA,CUSCO,Y,FEMENINO
679,CUSCO,INGENIERIA CIVIL,NaN,A,SAN JERONIMO,SOLTERO(A),NO DEBE,EXAMEN ADMISION ORDINARIO,DESTACADO,PUBLICA,OTROS DISTRITOS,Y,FEMENINO
680,CUSCO,INGENIERIA DE SISTEMAS,NaN,A,WANCHAQ,SOLTERO(A),NO DEBE,EXAMEN ADMISION ORDINARIO,DESTACADO,PRIVADA,CUSCO,Z,MASCULINO
681,CUSCO,INGENIERIA DE SISTEMAS,NaN,B,WANCHAQ,SOLTERO(A),NO DEBE,OTRAS MODALIDADES,ESPERADO,PRIVADA,CUSCO,Z,FEMENINO
682,CUSCO,INGENIERIA CIVIL,NaN,B,WANCHAQ,SOLTERO(A),NO DEBE,OTRAS MODALIDADES,ESPERADO,PUBLICA,OTROS DISTRITOS,Y,FEMENINO
683,OTRAS SEDES,CONTABILIDAD,NaN,B,QUILLABAMBA,NaN,PRIMERA CATEGORIA,EXAMEN ADMISION ORDINARIO,ESPERADO,PRIVADA,OTROS DISTRITOS,Y,FEMENINO
684,OTRAS SEDES,CONTABILIDAD,NaN,C,PUERTO MALDONaNDO,NaN,NO DEBE,EXAMEN ADMISION ORDINARIO,NO DESTACADO,PRIVADA,CUSCO,X,FEMENINO
685,OTRAS SEDES,CONTABILIDAD,NaN,B,PUERTO MALDONaNDO,SOLTERO(A),NO DEBE,EXAMEN ADMISION ORDINARIO,NO DESTACADO,PUBLICA,OTROS DISTRITOS,Y,FEMENINO
686,OTRAS SEDES,INGENIERIA DE SISTEMAS,NaN,A,PUERTO MALDONaNDO,SOLTERO(A),NO DEBE,EXAMEN ADMISION ORDINARIO,NO DESTACADO,PUBLICA,OTROS DISTRITOS,Z,MASCULINO
