NS,TIPOVIVIENDADONDEVIVE,REGIMENTENENCIAVIVIENDADONDEVIVE,VIVESUPADRE,VIVESUMADRE,PERSONASCONQUIENESVIVE,NIVELEDUCATIVOPADRE,NIVELEDUCATIVOMADRE,TRABAJASUPADRE,ESPECIFIQUEOCUPACIONPRINCIPALDESUPADRE,TRABAJASUMADRE,ESPECIFIQUEOCUPACIONPRINCIPALDESUMADRE,TIENECONOCIMIENTOSENCOMPUTACION,COMPUTADORAQUEUTILIZAFRECUENTEMENTEES,FINANCIAMIENTODESUSESTUDIOSUNIVERSITARIOS
1,OTRO,OTRO,SI,SI,PADRES Y HERMANOS,ESTUDIOS TECNICOS NO UNIVERSITARIOS,SUP. UNIV. COMPLETA,SI,DEPENDIENTE,SI,INDEPENDIENTE,SI,PROPIA,SUS PADRES
2,OTRO,ALQUILADA,SI,SI,PADRES Y HERMANOS,SUP. UNIV. COMPLETA,SUP. UNIV. COMPLETA,SI,DEPENDIENTE,SI,INDEPENDIENTE,SI,PROPIA,SUS PADRES
3,CASA INDEPENDIENTE,OTRO,SI,SI,OTROS PARIENTES,SUP. UNIV. INCOMPLETA,SECUNDARIA,SI,DEPENDIENTE,SI,INDEPENDIENTE,SI,PROPIA,SUS PADRES
4,CASA INDEPENDIENTE,ALQUILADA,SI,SI,SOLO(A),ESTUDIOS TECNICOS NO UNIVERSITARIOS,ESTUDIOS TECNICOS NO UNIVERSITARIOS,SI,DEPENDIENTE,NO,NaN,SI,PROPIA,SUS PADRES
5,OTRO,ALQUILADA,SI,SI,SOLO(A),SUP. UNIV. COMPLETA,SUP. UNIV. COMPLETA,SI,DEPENDIENTE,SI,DEPENDIENTE,SI,CABINAS DE INTERNET,SUS PADRES
6,OTRO,PROPIA,SI,SI,SOLO HERMANOS,ESTUDIOS TECNICOS NO UNIVERSITARIOS,SUP. UNIV. COMPLETA,NO,NaN,SI,DEPENDIENTE,SI,PROPIA,POR SU CUENTA
7,CASA INDEPENDIENTE,PROPIA,SI,SI,PADRES Y HERMANOS,OTROS ESTUDIOS,OTROS ESTUDIOS,SI,INDEPENDIENTE,SI,DEPENDIENTE,SI,PROPIA,SUS PADRES
8,CASA INDEPENDIENTE,PROPIA,SI,SI,PADRES Y HERMANOS,SUP. UNIV. COMPLETA,ESTUDIOS TECNICOS NO UNIVERSITARIOS,SI,INDEPENDIENTE,NO,NaN,SI,PROPIA,SUS PADRES
9,CASA INDEPENDIENTE,PROPIA,SI,SI,OTROS PARIENTES,ESTUDIOS TECNICOS NO UNIVERSITARIOS,SUP. UNIV. INCOMPLETA,NO,NaN,SI,INDEPENDIENTE,SI,PROPIA,OTROS
10,OTRO,ALQUILADA,SI,SI,SOLO(A),SECUNDARIA,OTROS ESTUDIOS,SI,INDEPENDIENTE,SI,INDEPENDIENTE,NO,NaN,SUS PADRES
11,OTRO,ALQUILADA,NO,SI,SOLO HERMANOS,NaN,ESTUDIOS TECNICOS NO UNIVERSITARIOS,NaN,NaN,NO,NaN,SI,CABINAS DE INTERNET,OTROS
12,CASA INDEPENDIENTE,ALQUILADA,SI,SI,PADRES Y HERMANOS,NaN,NaN,NaN,NaN,NaN,NaN,SI,NaN,SUS PADRES
13,OTRO,ALQUILADA,SI,SI,SOLO HERMANOS,SUP. UNIV. COMPLETA,SUP. UNIV. COMPLETA,SI,DEPENDIENTE,SI,DEPENDIENTE,SI,PROPIA,SUS PADRES
14,OTRO,ALQUILADA,SI,SI,SOLO(A),ESTUDIOS TECNICOS NO UNIVERSITARIOS,SECUNDARIA,SI,INDEPENDIENTE,SI,INDEPENDIENTE,NO,NaN,SUS PADRES
15,OTRO,ALQUILADA,NO,SI,SOLO MADRE,NaN,SECUNDARIA,NaN,NaN,SI,INDEPENDIENTE,SI,PROPIA,POR SU CUENTA
16,OTRO,ALQUILADA,SI,SI,SOLO(A),OTROS ESTUDIOS,SUP. UNIV. COMPLETA,NO,NaN,SI,DEPENDIENTE,SI,CABINAS DE INTERNET,POR SU CUENTA
17,OTRO,OTRO,SI,SI,PADRES Y HERMANOS,ESTUDIOS TECNICOS NO UNIVERSITARIOS,SECUNDARIA,NO,NaN,NO,NaN,SI,PROPIA,SUS PADRES
18,CASA INDEPENDIENTE,PROPIA,SI,SI,SOLO(A),ESTUDIOS TECNICOS NO UNIVERSITARIOS,SUP. UNIV. INCOMPLETA,SI,INDEPENDIENTE,NO,NaN,SI,CABINAS DE INTERNET,SUS PADRES
19,OTRO,ALQUILADA,SI,SI,OTROS PARIENTES,ESTUDIOS TECNICOS NO UNIVERSITARIOS,ESTUDIOS TECNICOS NO UNIVERSITARIOS,SI,DEPENDIENTE,SI,INDEPENDIENTE,SI,PROPIA,POR SU CUENTA
20,CASA INDEPENDIENTE,PROPIA,SI,SI,SOLO MADRE,SUP. UNIV. COMPLETA,SUP. UNIV. COMPLETA,SI,INDEPENDIENTE,SI,INDEPENDIENTE,SI,PROPIA,SUS PADRES
21,OTRO,OTRO,SI,SI,SOLO MADRE,SUP. UNIV. COMPLETA,SUP. UNIV. COMPLETA,SI,DEPENDIENTE,SI,DEPENDIENTE,SI,PROPIA,SUS PADRES
22,OTRO,ALQUILADA,SI,SI,SOLO MADRE,SUP. UNIV. INCOMPLETA,SUP. UNIV. COMPLETA,SI,DEPENDIENTE,SI,DEPENDIENTE,SI,PROPIA,SUS PADRES
23,CASA INDEPENDIENTE,PROPIA,NO,SI,OTROS PARIENTES,NaN,OTROS ESTUDIOS,NaN,NaN,SI,INDEPENDIENTE,SI,PROPIA,POR SU CUENTA
24,OTRO,ALQUILADA,SI,SI,SOLO(A),OTROS ESTUDIOS,OTROS ESTUDIOS,NO,NaN,NO,NaN,SI,CABINAS DE INTERNET,POR SU CUENTA
25,OTRO,ALQUILADA,SI,SI,SOLO HERMANOS,ESTUDIOS TECNICOS NO UNIVERSITARIOS,SECUNDARIA,SI,DEPENDIENTE,NO,NaN,SI,CABINAS DE INTERNET,POR SU CUENTA
26,CASA INDEPENDIENTE,PROPIA,SI,SI,PADRES Y HERMANOS,ESTUDIOS TECNICOS NO UNIVERSITARIOS,ESTUDIOS TECNICOS NO UNIVERSITARIOS,SI,INDEPENDIENTE,SI,INDEPENDIENTE,SI,PROPIA,SUS PADRES
27,CASA INDEPENDIENTE,PROPIA,SI,SI,PADRES Y HERMANOS,SECUNDARIA,SUP. UNIV. INCOMPLETA,NO,NaN,NO,NaN,SI,CABINAS DE INTERNET,OTROS
28,OTRO,ALQUILADA,SI,SI,PADRES Y HERMANOS,SUP. UNIV. INCOMPLETA,SUP. UNIV. COMPLETA,SI,DEPENDIENTE,SI,DEPENDIENTE,SI,PROPIA,SUS PADRES
29,CASA INDEPENDIENTE,PROPIA,SI,SI,PADRES Y HERMANOS,SECUNDARIA,SECUNDARIA,SI,INDEPENDIENTE,SI,INDEPENDIENTE,SI,PROPIA,SUS PADRES
30,CASA INDEPENDIENTE,PROPIA,SI,SI,PADRES Y HERMANOS,SUP. UNIV. COMPLETA,ESTUDIOS TECNICOS NO UNIVERSITARIOS,SI,INDEPENDIENTE,SI,INDEPENDIENTE,SI,PROPIA,SUS PADRES
31,CASA INDEPENDIENTE,PROPIA,SI,SI,PADRES Y HERMANOS,OTROS ESTUDIOS,SUP. UNIV. COMPLETA,SI,INDEPENDIENTE,SI,INDEPENDIENTE,SI,PROPIA,SUS PADRES
32,OTRO,ALQUILADA,SI,SI,PADRES Y HERMANOS,SUP. UNIV. COMPLETA,SUP. UNIV. COMPLETA,SI,DEPENDIENTE,NO,NaN,SI,PROPIA,SUS PADRES
33,CASA INDEPENDIENTE,PROPIA,SI,SI,PADRES Y HERMANOS,ESTUDIOS TECNICOS NO UNIVERSITARIOS,ESTUDIOS TECNICOS NO UNIVERSITARIOS,SI,INDEPENDIENTE,SI,DEPENDIENTE,SI,PROPIA,SUS PADRES
34,CASA INDEPENDIENTE,PROPIA,SI,SI,PADRES Y HERMANOS,SUP. UNIV. INCOMPLETA,ESTUDIOS TECNICOS NO UNIVERSITARIOS,SI,DEPENDIENTE,SI,DEPENDIENTE,SI,CABINAS DE INTERNET,POR SU CUENTA
35,CASA INDEPENDIENTE,PROPIA,SI,SI,PADRES Y HERMANOS,SUP. UNIV. COMPLETA,SUP. UNIV. COMPLETA,SI,DEPENDIENTE,SI,INDEPENDIENTE,SI,PROPIA,SUS PADRES
36,OTRO,PROPIA,SI,SI,PADRES Y HERMANOS,SUP. UNIV. INCOMPLETA,SUP. UNIV. INCOMPLETA,SI,DEPENDIENTE,SI,INDEPENDIENTE,SI,PROPIA,SUS PADRES
37,CASA INDEPENDIENTE,PROPIA,SI,SI,PADRES Y HERMANOS,OTROS ESTUDIOS,SUP. UNIV. COMPLETA,SI,INDEPENDIENTE,SI,INDEPENDIENTE,SI,PROPIA,SUS PADRES
38,OTRO,ALQUILADA,SI,SI,PADRES Y HERMANOS,SECUNDARIA,SECUNDARIA,SI,INDEPENDIENTE,SI,INDEPENDIENTE,SI,PROPIA,POR SU CUENTA
39,CASA INDEPENDIENTE,PROPIA,SI,SI,PADRES Y HERMANOS,SECUNDARIA,SECUNDARIA,SI,INDEPENDIENTE,SI,INDEPENDIENTE,NO,NaN,SUS PADRES
40,OTRO,ALQUILADA,SI,SI,SOLO(A),SUP. UNIV. COMPLETA,SUP. UNIV. COMPLETA,SI,INDEPENDIENTE,SI,INDEPENDIENTE,SI,PROPIA,SUS PADRES
41,CASA INDEPENDIENTE,PROPIA,SI,SI,PADRES Y HERMANOS,SUP. UNIV. INCOMPLETA,SECUNDARIA,SI,INDEPENDIENTE,SI,INDEPENDIENTE,SI,PROPIA,SUS PADRES
42,CASA INDEPENDIENTE,PROPIA,SI,SI,PADRES Y HERMANOS,SUP. UNIV. INCOMPLETA,SUP. UNIV. COMPLETA,SI,DEPENDIENTE,NO,NaN,SI,PROPIA,SUS PADRES
43,CASA INDEPENDIENTE,PROPIA,SI,SI,PADRES Y HERMANOS,SECUNDARIA,SECUNDARIA,SI,DEPENDIENTE,SI,DEPENDIENTE,SI,CABINAS DE INTERNET,SUS PADRES
44,CASA INDEPENDIENTE,PROPIA,SI,SI,PADRES Y HERMANOS,SECUNDARIA,SECUNDARIA,SI,INDEPENDIENTE,SI,DEPENDIENTE,SI,CABINAS DE INTERNET,SUS PADRES
45,CASA INDEPENDIENTE,PROPIA,SI,SI,PADRES Y HERMANOS,SUP. UNIV. INCOMPLETA,SECUNDARIA,SI,INDEPENDIENTE,NO,NaN,NO,NaN,SUS PADRES
46,OTRO,ALQUILADA,NO,SI,SOLO(A),NaN,OTROS ESTUDIOS,NaN,NaN,SI,INDEPENDIENTE,SI,PROPIA,POR SU CUENTA
47,CASA INDEPENDIENTE,PROPIA,SI,SI,SOLO(A),SUP. UNIV. COMPLETA,SECUNDARIA,SI,DEPENDIENTE,SI,INDEPENDIENTE,SI,CABINAS DE INTERNET,POR SU CUENTA
48,CASA INDEPENDIENTE,PROPIA,SI,SI,PADRES Y HERMANOS,SUP. UNIV. COMPLETA,SUP. UNIV. COMPLETA,SI,INDEPENDIENTE,SI,INDEPENDIENTE,SI,PROPIA,SUS PADRES
49,CASA INDEPENDIENTE,PROPIA,SI,SI,PADRES Y HERMANOS,SUP. UNIV. COMPLETA,SUP. UNIV. COMPLETA,SI,DEPENDIENTE,SI,INDEPENDIENTE,SI,PROPIA,SUS PADRES
50,CASA INDEPENDIENTE,PROPIA,SI,SI,PADRES Y HERMANOS,SECUNDARIA,ESTUDIOS TECNICOS NO UNIVERSITARIOS,NO,NaN,NO,NaN,SI,PROPIA,POR SU CUENTA
51,CASA INDEPENDIENTE,PROPIA,NO,SI,OTROS PARIENTES,NaN,SUP. UNIV. COMPLETA,NaN,NaN,SI,DEPENDIENTE,SI,PROPIA,SUS PADRES
52,CASA INDEPENDIENTE,PROPIA,SI,SI,PADRES Y HERMANOS,ESTUDIOS TECNICOS NO UNIVERSITARIOS,SECUNDARIA,SI,INDEPENDIENTE,SI,INDEPENDIENTE,SI,PROPIA,SUS PADRES
53,OTRO,PROPIA,SI,SI,PADRES Y HERMANOS,OTROS ESTUDIOS,SUP. UNIV. COMPLETA,SI,INDEPENDIENTE,SI,DEPENDIENTE,SI,PROPIA,SUS PADRES
54,CASA INDEPENDIENTE,PROPIA,SI,SI,PADRES Y HERMANOS,SUP. UNIV. COMPLETA,ESTUDIOS TECNICOS NO UNIVERSITARIOS,SI,DEPENDIENTE,SI,INDEPENDIENTE,SI,PROPIA,SUS PADRES
55,CASA INDEPENDIENTE,PROPIA,SI,SI,PADRES Y HERMANOS,SUP. UNIV. COMPLETA,SUP. UNIV. COMPLETA,SI,DEPENDIENTE,SI,DEPENDIENTE,SI,PROPIA,SUS PADRES
56,CASA INDEPENDIENTE,PROPIA,SI,SI,PADRES Y HERMANOS,SUP. UNIV. INCOMPLETA,SUP. UNIV. INCOMPLETA,SI,DEPENDIENTE,SI,DEPENDIENTE,SI,PROPIA,SUS PADRES
57,OTRO,OTRO,NO,SI,SOLO MADRE,NaN,OTROS ESTUDIOS,NaN,NaN,NO,NaN,NO,NaN,POR SU CUENTA
58,CASA INDEPENDIENTE,PROPIA,SI,SI,PADRES Y HERMANOS,ESTUDIOS TECNICOS NO UNIVERSITARIOS,SECUNDARIA,SI,INDEPENDIENTE,SI,INDEPENDIENTE,SI,PROPIA,OTROS
59,CASA INDEPENDIENTE,PROPIA,SI,SI,PADRES Y HERMANOS,SECUNDARIA,SECUNDARIA,SI,DEPENDIENTE,NO,NaN,SI,PROPIA,POR SU CUENTA
60,CASA INDEPENDIENTE,PROPIA,SI,SI,PADRES Y HERMANOS,SUP. UNIV. COMPLETA,SUP. UNIV. COMPLETA,SI,DEPENDIENTE,SI,INDEPENDIENTE,SI,PROPIA,SUS PADRES
61,CASA INDEPENDIENTE,PROPIA,SI,SI,PADRES Y HERMANOS,SECUNDARIA,SECUNDARIA,SI,INDEPENDIENTE,SI,INDEPENDIENTE,SI,PROPIA,SUS PADRES
62,CASA INDEPENDIENTE,PROPIA,SI,NO,PADRES Y HERMANOS,SUP. UNIV. INCOMPLETA,NaN,SI,DEPENDIENTE,NaN,NaN,SI,CABINAS DE INTERNET,SUS PADRES
63,CASA INDEPENDIENTE,PROPIA,SI,SI,PADRES Y HERMANOS,SUP. UNIV. COMPLETA,SUP. UNIV. INCOMPLETA,NO,NaN,SI,DEPENDIENTE,SI,PROPIA,SUS PADRES
64,OTRO,ALQUILADA,SI,SI,SOLO MADRE,SUP. UNIV. INCOMPLETA,ESTUDIOS TECNICOS NO UNIVERSITARIOS,NO,NaN,SI,INDEPENDIENTE,SI,OTRAS,SUS PADRES
65,OTRO,PROPIA,SI,SI,PADRES Y HERMANOS,SECUNDARIA,SECUNDARIA,SI,INDEPENDIENTE,SI,INDEPENDIENTE,NO,NaN,SUS PADRES
66,CASA INDEPENDIENTE,PROPIA,SI,SI,PADRES Y HERMANOS,SUP. UNIV. COMPLETA,SUP. UNIV. COMPLETA,SI,DEPENDIENTE,SI,DEPENDIENTE,SI,CABINAS DE INTERNET,SUS PADRES
67,CASA INDEPENDIENTE,PROPIA,SI,SI,PADRES Y HERMANOS,SUP. UNIV. COMPLETA,SUP. UNIV. COMPLETA,SI,DEPENDIENTE,SI,DEPENDIENTE,SI,PROPIA,SUS PADRES
68,CASA INDEPENDIENTE,PROPIA,SI,SI,PADRES Y HERMANOS,SUP. UNIV. COMPLETA,SUP. UNIV. COMPLETA,SI,DEPENDIENTE,SI,DEPENDIENTE,SI,PROPIA,SUS PADRES
69,CASA INDEPENDIENTE,PROPIA,SI,SI,PADRES Y HERMANOS,OTROS ESTUDIOS,SUP. UNIV. COMPLETA,SI,DEPENDIENTE,SI,INDEPENDIENTE,SI,PROPIA,SUS PADRES
70,CASA INDEPENDIENTE,PROPIA,SI,SI,PADRES Y HERMANOS,SUP. UNIV. COMPLETA,ESTUDIOS TECNICOS NO UNIVERSITARIOS,SI,INDEPENDIENTE,SI,INDEPENDIENTE,SI,PROPIA,SUS PADRES
71,CASA INDEPENDIENTE,PROPIA,SI,SI,OTROS PARIENTES,SUP. UNIV. COMPLETA,SUP. UNIV. COMPLETA,SI,DEPENDIENTE,NO,NaN,SI,PROPIA,OTROS
72,CASA INDEPENDIENTE,PROPIA,SI,SI,OTROS PARIENTES,OTROS ESTUDIOS,SUP. UNIV. COMPLETA,SI,DEPENDIENTE,SI,DEPENDIENTE,SI,PROPIA,SUS PADRES
73,CASA INDEPENDIENTE,PROPIA,SI,SI,PADRES Y HERMANOS,SECUNDARIA,SECUNDARIA,SI,INDEPENDIENTE,SI,DEPENDIENTE,SI,PROPIA,SUS PADRES
74,CASA INDEPENDIENTE,PROPIA,SI,SI,OTROS PARIENTES,SUP. UNIV. COMPLETA,SUP. UNIV. COMPLETA,SI,INDEPENDIENTE,SI,DEPENDIENTE,SI,CABINAS DE INTERNET,SUS PADRES
75,CASA INDEPENDIENTE,PROPIA,SI,SI,PADRES Y HERMANOS,ESTUDIOS TECNICOS NO UNIVERSITARIOS,ESTUDIOS TECNICOS NO UNIVERSITARIOS,SI,DEPENDIENTE,SI,DEPENDIENTE,SI,PROPIA,SUS PADRES
76,CASA INDEPENDIENTE,PROPIA,SI,SI,PADRES Y HERMANOS,SUP. UNIV. INCOMPLETA,SUP. UNIV. COMPLETA,SI,DEPENDIENTE,NO,NaN,SI,PROPIA,OTROS
77,CASA INDEPENDIENTE,ALQUILADA,SI,SI,PADRES Y HERMANOS,SUP. UNIV. COMPLETA,SUP. UNIV. COMPLETA,SI,DEPENDIENTE,SI,INDEPENDIENTE,SI,PROPIA,SUS PADRES
78,CASA INDEPENDIENTE,PROPIA,SI,SI,PADRES Y HERMANOS,SUP. UNIV. INCOMPLETA,OTROS ESTUDIOS,SI,INDEPENDIENTE,SI,INDEPENDIENTE,SI,PROPIA,SUS PADRES
79,CASA INDEPENDIENTE,PROPIA,SI,SI,SOLO MADRE,SECUNDARIA,ESTUDIOS TECNICOS NO UNIVERSITARIOS,SI,INDEPENDIENTE,SI,INDEPENDIENTE,SI,CABINAS DE INTERNET,SUS PADRES
80,CASA INDEPENDIENTE,PROPIA,SI,SI,PADRES Y HERMANOS,SUP. UNIV. COMPLETA,SUP. UNIV. COMPLETA,SI,INDEPENDIENTE,SI,INDEPENDIENTE,SI,PROPIA,SUS PADRES
81,CASA INDEPENDIENTE,PROPIA,SI,SI,PADRES Y HERMANOS,SECUNDARIA,SECUNDARIA,NO,NaN,NO,NaN,SI,PROPIA,SUS PADRES
82,CASA INDEPENDIENTE,PROPIA,SI,SI,PADRES Y HERMANOS,SUP. UNIV. COMPLETA,SUP. UNIV. COMPLETA,SI,DEPENDIENTE,SI,DEPENDIENTE,SI,PROPIA,SUS PADRES
83,CASA INDEPENDIENTE,PROPIA,SI,SI,SOLO MADRE,SUP. UNIV. COMPLETA,SUP. UNIV. COMPLETA,SI,DEPENDIENTE,SI,DEPENDIENTE,SI,PROPIA,SUS PADRES
84,OTRO,ALQUILADA,SI,NO,PADRES Y HERMANOS,SUP. UNIV. INCOMPLETA,NaN,SI,INDEPENDIENTE,NaN,NaN,SI,PROPIA,SUS PADRES
85,CASA INDEPENDIENTE,PROPIA,SI,SI,PADRES Y HERMANOS,SUP. UNIV. INCOMPLETA,ESTUDIOS TECNICOS NO UNIVERSITARIOS,SI,DEPENDIENTE,SI,INDEPENDIENTE,SI,PROPIA,SUS PADRES
86,CASA INDEPENDIENTE,PROPIA,SI,SI,PADRES Y HERMANOS,SUP. UNIV. COMPLETA,SUP. UNIV. COMPLETA,SI,DEPENDIENTE,SI,INDEPENDIENTE,SI,PROPIA,SUS PADRES
87,OTRO,OTRO,SI,SI,PADRES Y HERMANOS,SUP. UNIV. INCOMPLETA,ESTUDIOS TECNICOS NO UNIVERSITARIOS,SI,DEPENDIENTE,SI,DEPENDIENTE,SI,PROPIA,SUS PADRES
88,CASA INDEPENDIENTE,PROPIA,SI,SI,PADRES Y HERMANOS,SUP. UNIV. COMPLETA,SUP. UNIV. COMPLETA,SI,DEPENDIENTE,SI,INDEPENDIENTE,SI,PROPIA,SUS PADRES
89,OTRO,ALQUILADA,SI,SI,PADRES Y HERMANOS,SUP. UNIV. INCOMPLETA,SUP. UNIV. INCOMPLETA,SI,INDEPENDIENTE,SI,INDEPENDIENTE,SI,PROPIA,SUS PADRES
90,CASA INDEPENDIENTE,PROPIA,SI,SI,PADRES Y HERMANOS,SECUNDARIA,ESTUDIOS TECNICOS NO UNIVERSITARIOS,SI,INDEPENDIENTE,SI,INDEPENDIENTE,SI,CABINAS DE INTERNET,SUS PADRES
91,CASA INDEPENDIENTE,PROPIA,SI,SI,PADRES Y HERMANOS,SUP. UNIV. COMPLETA,SUP. UNIV. COMPLETA,SI,DEPENDIENTE,SI,DEPENDIENTE,SI,PROPIA,SUS PADRES
92,CASA INDEPENDIENTE,PROPIA,SI,SI,PADRES Y HERMANOS,ESTUDIOS TECNICOS NO UNIVERSITARIOS,ESTUDIOS TECNICOS NO UNIVERSITARIOS,SI,DEPENDIENTE,SI,DEPENDIENTE,SI,OTRAS,SUS PADRES
93,CASA INDEPENDIENTE,ALQUILADA,SI,SI,PADRES Y HERMANOS,SUP. UNIV. COMPLETA,SUP. UNIV. COMPLETA,SI,INDEPENDIENTE,SI,INDEPENDIENTE,SI,PROPIA,SUS PADRES
94,OTRO,PROPIA,SI,SI,PADRES Y HERMANOS,SUP. UNIV. INCOMPLETA,SUP. UNIV. INCOMPLETA,SI,INDEPENDIENTE,SI,INDEPENDIENTE,SI,PROPIA,SUS PADRES
95,CASA INDEPENDIENTE,ALQUILADA,NO,SI,PADRES Y HERMANOS,NaN,SUP. UNIV. COMPLETA,NaN,NaN,SI,DEPENDIENTE,SI,CABINAS DE INTERNET,POR SU CUENTA
96,CASA INDEPENDIENTE,PROPIA,SI,SI,PADRES Y HERMANOS,OTROS ESTUDIOS,OTROS ESTUDIOS,SI,DEPENDIENTE,SI,INDEPENDIENTE,SI,PROPIA,POR SU CUENTA
97,CASA INDEPENDIENTE,PROPIA,NO,SI,OTROS PARIENTES,NaN,ESTUDIOS TECNICOS NO UNIVERSITARIOS,NaN,NaN,SI,DEPENDIENTE,SI,PROPIA,POR SU CUENTA
98,OTRO,ALQUILADA,SI,SI,PADRES Y HERMANOS,ESTUDIOS TECNICOS NO UNIVERSITARIOS,SECUNDARIA,SI,DEPENDIENTE,NO,NaN,SI,PROPIA,SUS PADRES
99,CASA INDEPENDIENTE,OTRO,SI,SI,PADRES Y HERMANOS,SECUNDARIA,SECUNDARIA,SI,DEPENDIENTE,SI,INDEPENDIENTE,SI,CABINAS DE INTERNET,SUS PADRES
100,CASA INDEPENDIENTE,PROPIA,SI,SI,PADRES Y HERMANOS,SUP. UNIV. COMPLETA,SUP. UNIV. COMPLETA,SI,DEPENDIENTE,SI,DEPENDIENTE,SI,PROPIA,SUS PADRES
101,CASA INDEPENDIENTE,PROPIA,SI,SI,PADRES Y HERMANOS,SECUNDARIA,SECUNDARIA,SI,INDEPENDIENTE,SI,INDEPENDIENTE,SI,PROPIA,SUS PADRES
102,CASA INDEPENDIENTE,PROPIA,SI,SI,PADRES Y HERMANOS,ESTUDIOS TECNICOS NO UNIVERSITARIOS,ESTUDIOS TECNICOS NO UNIVERSITARIOS,SI,DEPENDIENTE,NO,NaN,SI,PROPIA,SUS PADRES
103,CASA INDEPENDIENTE,PROPIA,SI,NO,PADRES Y HERMANOS,SUP. UNIV. INCOMPLETA,NaN,SI,INDEPENDIENTE,NaN,NaN,SI,CABINAS DE INTERNET,SUS PADRES
104,CASA INDEPENDIENTE,PROPIA,SI,SI,PADRES Y HERMANOS,SUP. UNIV. INCOMPLETA,ESTUDIOS TECNICOS NO UNIVERSITARIOS,SI,INDEPENDIENTE,NO,NaN,SI,PROPIA,SUS PADRES
105,CASA INDEPENDIENTE,PROPIA,SI,SI,PADRES Y HERMANOS,SUP. UNIV. COMPLETA,SUP. UNIV. COMPLETA,SI,INDEPENDIENTE,SI,DEPENDIENTE,SI,CABINAS DE INTERNET,SUS PADRES
106,CASA INDEPENDIENTE,PROPIA,SI,SI,PADRES Y HERMANOS,SUP. UNIV. COMPLETA,SUP. UNIV. INCOMPLETA,SI,DEPENDIENTE,NO,NaN,SI,CABINAS DE INTERNET,SUS PADRES
107,OTRO,ALQUILADA,NO,SI,PADRES Y HERMANOS,NaN,SECUNDARIA,NaN,NaN,SI,INDEPENDIENTE,SI,CABINAS DE INTERNET,SUS PADRES
108,CASA INDEPENDIENTE,PROPIA,SI,SI,PADRES Y HERMANOS,SECUNDARIA,SECUNDARIA,SI,INDEPENDIENTE,SI,NaN,SI,NaN,SUS PADRES
109,CASA INDEPENDIENTE,PROPIA,SI,SI,PADRES Y HERMANOS,SUP. UNIV. INCOMPLETA,SUP. UNIV. COMPLETA,SI,DEPENDIENTE,SI,DEPENDIENTE,SI,PROPIA,POR SU CUENTA
110,OTRO,OTRO,SI,SI,PADRES Y HERMANOS,ESTUDIOS TECNICOS NO UNIVERSITARIOS,SUP. UNIV. COMPLETA,SI,DEPENDIENTE,SI,DEPENDIENTE,SI,PROPIA,SUS PADRES
111,OTRO,ALQUILADA,SI,SI,PADRES Y HERMANOS,SUP. UNIV. COMPLETA,SECUNDARIA,SI,DEPENDIENTE,NO,NaN,NO,NaN,SUS PADRES
112,CASA INDEPENDIENTE,ALQUILADA,SI,SI,OTROS PARIENTES,SUP. UNIV. COMPLETA,ESTUDIOS TECNICOS NO UNIVERSITARIOS,SI,DEPENDIENTE,NO,NaN,SI,PROPIA,POR SU CUENTA
113,CASA INDEPENDIENTE,PROPIA,SI,SI,PADRES Y HERMANOS,ESTUDIOS TECNICOS NO UNIVERSITARIOS,SUP. UNIV. INCOMPLETA,SI,INDEPENDIENTE,SI,INDEPENDIENTE,SI,PROPIA,SUS PADRES
114,CASA INDEPENDIENTE,PROPIA,SI,SI,OTROS PARIENTES,SUP. UNIV. INCOMPLETA,SUP. UNIV. INCOMPLETA,SI,INDEPENDIENTE,SI,INDEPENDIENTE,SI,PROPIA,SUS PADRES
115,CASA INDEPENDIENTE,ALQUILADA,SI,SI,PADRES Y HERMANOS,ESTUDIOS TECNICOS NO UNIVERSITARIOS,SECUNDARIA,SI,INDEPENDIENTE,NO,NaN,SI,CABINAS DE INTERNET,POR SU CUENTA
116,CASA INDEPENDIENTE,PROPIA,NO,SI,PADRES Y HERMANOS,NaN,SUP. UNIV. COMPLETA,NaN,NaN,SI,DEPENDIENTE,SI,CABINAS DE INTERNET,POR SU CUENTA
117,CASA INDEPENDIENTE,PROPIA,SI,SI,PADRES Y HERMANOS,SECUNDARIA,SECUNDARIA,SI,DEPENDIENTE,SI,INDEPENDIENTE,SI,PROPIA,SUS PADRES
118,CASA INDEPENDIENTE,PROPIA,SI,SI,PADRES Y HERMANOS,SECUNDARIA,SECUNDARIA,SI,INDEPENDIENTE,SI,INDEPENDIENTE,SI,PROPIA,SUS PADRES
119,CASA INDEPENDIENTE,PROPIA,SI,SI,PADRES Y HERMANOS,ESTUDIOS TECNICOS NO UNIVERSITARIOS,ESTUDIOS TECNICOS NO UNIVERSITARIOS,SI,DEPENDIENTE,SI,INDEPENDIENTE,SI,PROPIA,SUS PADRES
120,CASA INDEPENDIENTE,PROPIA,SI,SI,PADRES Y HERMANOS,ESTUDIOS TECNICOS NO UNIVERSITARIOS,ESTUDIOS TECNICOS NO UNIVERSITARIOS,SI,DEPENDIENTE,SI,INDEPENDIENTE,SI,PROPIA,SUS PADRES
121,CASA INDEPENDIENTE,PROPIA,SI,SI,PADRES Y HERMANOS,SUP. UNIV. COMPLETA,ESTUDIOS TECNICOS NO UNIVERSITARIOS,SI,INDEPENDIENTE,SI,INDEPENDIENTE,SI,PROPIA,SUS PADRES
122,CASA INDEPENDIENTE,PROPIA,SI,SI,PADRES Y HERMANOS,SUP. UNIV. COMPLETA,SUP. UNIV. COMPLETA,SI,DEPENDIENTE,NO,NaN,SI,CABINAS DE INTERNET,POR SU CUENTA
123,CASA INDEPENDIENTE,PROPIA,SI,SI,PADRES Y HERMANOS,SUP. UNIV. COMPLETA,SUP. UNIV. INCOMPLETA,SI,INDEPENDIENTE,SI,INDEPENDIENTE,SI,PROPIA,SUS PADRES
124,CASA INDEPENDIENTE,PROPIA,SI,SI,PADRES Y HERMANOS,SECUNDARIA,SECUNDARIA,SI,INDEPENDIENTE,SI,DEPENDIENTE,SI,PROPIA,SUS PADRES
125,CASA INDEPENDIENTE,PROPIA,SI,SI,PADRES Y HERMANOS,SUP. UNIV. COMPLETA,SUP. UNIV. COMPLETA,SI,DEPENDIENTE,SI,DEPENDIENTE,SI,PROPIA,SUS PADRES
126,CASA INDEPENDIENTE,PROPIA,NO,SI,SOLO MADRE,NaN,SECUNDARIA,NaN,NaN,SI,INDEPENDIENTE,SI,PROPIA,POR SU CUENTA
127,CASA INDEPENDIENTE,PROPIA,SI,SI,SOLO MADRE,SUP. UNIV. COMPLETA,SUP. UNIV. COMPLETA,SI,INDEPENDIENTE,SI,DEPENDIENTE,SI,PROPIA,SUS PADRES
128,OTRO,ALQUILADA,SI,SI,SOLO MADRE,ESTUDIOS TECNICOS NO UNIVERSITARIOS,ESTUDIOS TECNICOS NO UNIVERSITARIOS,SI,INDEPENDIENTE,SI,DEPENDIENTE,SI,CABINAS DE INTERNET,SUS PADRES
129,OTRO,PROPIA,SI,SI,PADRES Y HERMANOS,SUP. UNIV. COMPLETA,SUP. UNIV. COMPLETA,SI,DEPENDIENTE,SI,DEPENDIENTE,SI,PROPIA,SUS PADRES
130,CASA INDEPENDIENTE,PROPIA,SI,SI,PADRES Y HERMANOS,SUP. UNIV. COMPLETA,SUP. UNIV. INCOMPLETA,SI,DEPENDIENTE,SI,INDEPENDIENTE,SI,CABINAS DE INTERNET,SUS PADRES
131,CASA INDEPENDIENTE,PROPIA,SI,SI,PADRES Y HERMANOS,SUP. UNIV. COMPLETA,ESTUDIOS TECNICOS NO UNIVERSITARIOS,SI,INDEPENDIENTE,SI,INDEPENDIENTE,SI,CABINAS DE INTERNET,SUS PADRES
132,CASA INDEPENDIENTE,PROPIA,SI,SI,PADRES Y HERMANOS,SUP. UNIV. COMPLETA,SUP. UNIV. COMPLETA,SI,INDEPENDIENTE,SI,INDEPENDIENTE,SI,PROPIA,SUS PADRES
133,CASA INDEPENDIENTE,PROPIA,SI,SI,PADRES Y HERMANOS,SUP. UNIV. COMPLETA,SUP. UNIV. COMPLETA,SI,DEPENDIENTE,NO,NaN,SI,PROPIA,SUS PADRES
134,OTRO,PROPIA,SI,SI,PADRES Y HERMANOS,SUP. UNIV. COMPLETA,ESTUDIOS TECNICOS NO UNIVERSITARIOS,NO,NaN,NO,NaN,SI,OTRAS,OTROS
135,CASA INDEPENDIENTE,PROPIA,SI,SI,PADRES Y HERMANOS,ESTUDIOS TECNICOS NO UNIVERSITARIOS,SUP. UNIV. COMPLETA,SI,DEPENDIENTE,SI,DEPENDIENTE,SI,PROPIA,POR SU CUENTA
136,OTRO,OTRO,SI,SI,PADRES Y HERMANOS,SUP. UNIV. COMPLETA,ESTUDIOS TECNICOS NO UNIVERSITARIOS,SI,DEPENDIENTE,SI,INDEPENDIENTE,SI,PROPIA,SUS PADRES
137,OTRO,PROPIA,SI,SI,SOLO HERMANOS,SECUNDARIA,SUP. UNIV. COMPLETA,SI,INDEPENDIENTE,SI,DEPENDIENTE,NO,NaN,SUS PADRES
138,CASA INDEPENDIENTE,PROPIA,SI,SI,PADRES Y HERMANOS,SUP. UNIV. COMPLETA,SUP. UNIV. COMPLETA,SI,DEPENDIENTE,SI,DEPENDIENTE,SI,PROPIA,SUS PADRES
139,CASA INDEPENDIENTE,PROPIA,SI,SI,PADRES Y HERMANOS,SUP. UNIV. COMPLETA,SUP. UNIV. COMPLETA,SI,INDEPENDIENTE,SI,INDEPENDIENTE,SI,PROPIA,SUS PADRES
140,CASA INDEPENDIENTE,PROPIA,SI,SI,PADRES Y HERMANOS,ESTUDIOS TECNICOS NO UNIVERSITARIOS,ESTUDIOS TECNICOS NO UNIVERSITARIOS,SI,INDEPENDIENTE,SI,INDEPENDIENTE,SI,PROPIA,SUS PADRES
141,CASA INDEPENDIENTE,PROPIA,SI,SI,PADRES Y HERMANOS,SUP. UNIV. COMPLETA,SUP. UNIV. COMPLETA,SI,DEPENDIENTE,SI,DEPENDIENTE,SI,PROPIA,SUS PADRES
142,CASA INDEPENDIENTE,PROPIA,SI,SI,PADRES Y HERMANOS,ESTUDIOS TECNICOS NO UNIVERSITARIOS,SUP. UNIV. COMPLETA,SI,INDEPENDIENTE,SI,INDEPENDIENTE,SI,PROPIA,SUS PADRES
143,CASA INDEPENDIENTE,PROPIA,SI,SI,PADRES Y HERMANOS,SUP. UNIV. COMPLETA,ESTUDIOS TECNICOS NO UNIVERSITARIOS,SI,DEPENDIENTE,SI,DEPENDIENTE,SI,PROPIA,SUS PADRES
144,CASA INDEPENDIENTE,PROPIA,SI,SI,OTROS PARIENTES,ESTUDIOS TECNICOS NO UNIVERSITARIOS,ESTUDIOS TECNICOS NO UNIVERSITARIOS,SI,DEPENDIENTE,SI,DEPENDIENTE,SI,PROPIA,SUS PADRES
145,OTRO,PROPIA,SI,SI,PADRES Y HERMANOS,SUP. UNIV. INCOMPLETA,SUP. UNIV. INCOMPLETA,SI,INDEPENDIENTE,SI,INDEPENDIENTE,SI,PROPIA,SUS PADRES
146,OTRO,ALQUILADA,SI,SI,SOLO(A),SECUNDARIA,SECUNDARIA,SI,INDEPENDIENTE,SI,INDEPENDIENTE,SI,CABINAS DE INTERNET,SUS PADRES
147,OTRO,PROPIA,SI,SI,PADRES Y HERMANOS,SUP. UNIV. COMPLETA,SECUNDARIA,SI,DEPENDIENTE,SI,INDEPENDIENTE,SI,PROPIA,POR SU CUENTA
148,CASA INDEPENDIENTE,PROPIA,SI,SI,PADRES Y HERMANOS,SUP. UNIV. COMPLETA,SUP. UNIV. COMPLETA,SI,DEPENDIENTE,NO,NaN,SI,PROPIA,SUS PADRES
149,CASA INDEPENDIENTE,PROPIA,SI,SI,SOLO MADRE,SUP. UNIV. COMPLETA,SUP. UNIV. COMPLETA,SI,INDEPENDIENTE,SI,INDEPENDIENTE,SI,PROPIA,SUS PADRES
150,CASA INDEPENDIENTE,PROPIA,SI,SI,PADRES Y HERMANOS,SUP. UNIV. COMPLETA,SUP. UNIV. COMPLETA,SI,DEPENDIENTE,SI,DEPENDIENTE,SI,PROPIA,SUS PADRES
151,CASA INDEPENDIENTE,ALQUILADA,SI,SI,PADRES Y HERMANOS,SUP. UNIV. COMPLETA,SUP. UNIV. INCOMPLETA,SI,INDEPENDIENTE,NO,NaN,SI,PROPIA,SUS PADRES
152,CASA INDEPENDIENTE,PROPIA,SI,SI,PADRES Y HERMANOS,ESTUDIOS TECNICOS NO UNIVERSITARIOS,ESTUDIOS TECNICOS NO UNIVERSITARIOS,SI,DEPENDIENTE,SI,DEPENDIENTE,SI,PROPIA,SUS PADRES
153,CASA INDEPENDIENTE,PROPIA,SI,SI,OTROS PARIENTES,SUP. UNIV. COMPLETA,SUP. UNIV. COMPLETA,SI,DEPENDIENTE,SI,DEPENDIENTE,SI,PROPIA,OTROS
154,CASA INDEPENDIENTE,PROPIA,SI,SI,PADRES Y HERMANOS,ESTUDIOS TECNICOS NO UNIVERSITARIOS,SUP. UNIV. COMPLETA,SI,INDEPENDIENTE,SI,DEPENDIENTE,SI,PROPIA,SUS PADRES
155,CASA INDEPENDIENTE,ALQUILADA,SI,SI,PADRES Y HERMANOS,NaN,NaN,NaN,NaN,NaN,NaN,SI,NaN,SUS PADRES
156,CASA INDEPENDIENTE,PROPIA,SI,SI,PADRES Y HERMANOS,SUP. UNIV. COMPLETA,SUP. UNIV. COMPLETA,SI,INDEPENDIENTE,SI,INDEPENDIENTE,SI,PROPIA,SUS PADRES
157,CASA INDEPENDIENTE,PROPIA,SI,SI,PADRES Y HERMANOS,SUP. UNIV. COMPLETA,SUP. UNIV. COMPLETA,SI,INDEPENDIENTE,SI,INDEPENDIENTE,SI,PROPIA,SUS PADRES
158,CASA INDEPENDIENTE,PROPIA,SI,SI,PADRES Y HERMANOS,SUP. UNIV. INCOMPLETA,ESTUDIOS TECNICOS NO UNIVERSITARIOS,SI,INDEPENDIENTE,NO,NaN,SI,PROPIA,SUS PADRES
159,CASA INDEPENDIENTE,PROPIA,SI,SI,PADRES Y HERMANOS,SUP. UNIV. COMPLETA,SUP. UNIV. INCOMPLETA,SI,INDEPENDIENTE,SI,INDEPENDIENTE,SI,PROPIA,POR SU CUENTA
160,OTRO,PROPIA,SI,SI,PADRES Y HERMANOS,ESTUDIOS TECNICOS NO UNIVERSITARIOS,ESTUDIOS TECNICOS NO UNIVERSITARIOS,SI,INDEPENDIENTE,SI,INDEPENDIENTE,SI,PROPIA,SUS PADRES
161,CASA INDEPENDIENTE,PROPIA,SI,SI,PADRES Y HERMANOS,SUP. UNIV. COMPLETA,SUP. UNIV. COMPLETA,SI,DEPENDIENTE,SI,DEPENDIENTE,SI,PROPIA,SUS PADRES
162,CASA INDEPENDIENTE,PROPIA,NO,NO,SOLO HERMANOS,NaN,NaN,NaN,NaN,NaN,NaN,SI,PROPIA,POR SU CUENTA
163,CASA INDEPENDIENTE,PROPIA,SI,SI,PADRES Y HERMANOS,ESTUDIOS TECNICOS NO UNIVERSITARIOS,SECUNDARIA,SI,INDEPENDIENTE,SI,INDEPENDIENTE,SI,PROPIA,SUS PADRES
164,CASA INDEPENDIENTE,PROPIA,SI,SI,PADRES Y HERMANOS,OTROS ESTUDIOS,SUP. UNIV. COMPLETA,SI,DEPENDIENTE,SI,DEPENDIENTE,SI,PROPIA,SUS PADRES
165,CASA INDEPENDIENTE,PROPIA,SI,SI,PADRES Y HERMANOS,SUP. UNIV. COMPLETA,SUP. UNIV. COMPLETA,SI,INDEPENDIENTE,SI,INDEPENDIENTE,SI,CABINAS DE INTERNET,SUS PADRES
166,CASA INDEPENDIENTE,PROPIA,SI,SI,PADRES Y HERMANOS,SECUNDARIA,ESTUDIOS TECNICOS NO UNIVERSITARIOS,SI,DEPENDIENTE,SI,DEPENDIENTE,SI,PROPIA,SUS PADRES
167,CASA INDEPENDIENTE,PROPIA,SI,SI,PADRES Y HERMANOS,SUP. UNIV. INCOMPLETA,SUP. UNIV. COMPLETA,SI,DEPENDIENTE,SI,INDEPENDIENTE,SI,PROPIA,SUS PADRES
168,CASA INDEPENDIENTE,PROPIA,SI,SI,PADRES Y HERMANOS,SECUNDARIA,SUP. UNIV. INCOMPLETA,SI,INDEPENDIENTE,SI,INDEPENDIENTE,SI,PROPIA,SUS PADRES
169,CASA INDEPENDIENTE,PROPIA,SI,SI,PADRES Y HERMANOS,SUP. UNIV. COMPLETA,ESTUDIOS TECNICOS NO UNIVERSITARIOS,SI,DEPENDIENTE,SI,INDEPENDIENTE,SI,PROPIA,SUS PADRES
170,CASA INDEPENDIENTE,PROPIA,SI,SI,PADRES Y HERMANOS,SECUNDARIA,SECUNDARIA,SI,DEPENDIENTE,SI,DEPENDIENTE,SI,CABINAS DE INTERNET,SUS PADRES
171,CASA INDEPENDIENTE,PROPIA,SI,SI,PADRES Y HERMANOS,SUP. UNIV. COMPLETA,SUP. UNIV. COMPLETA,SI,INDEPENDIENTE,SI,INDEPENDIENTE,SI,PROPIA,SUS PADRES
172,CASA INDEPENDIENTE,PROPIA,SI,NO,PADRES Y HERMANOS,SECUNDARIA,NaN,SI,INDEPENDIENTE,NaN,NaN,SI,OTRAS,POR SU CUENTA
173,CASA INDEPENDIENTE,PROPIA,SI,SI,PADRES Y HERMANOS,ESTUDIOS TECNICOS NO UNIVERSITARIOS,SECUNDARIA,NO,NaN,NO,NaN,NO,NaN,OTROS
174,OTRO,ALQUILADA,SI,SI,PADRES Y HERMANOS,SECUNDARIA,ESTUDIOS TECNICOS NO UNIVERSITARIOS,SI,INDEPENDIENTE,SI,INDEPENDIENTE,SI,PROPIA,SUS PADRES
175,CASA INDEPENDIENTE,PROPIA,SI,SI,PADRES Y HERMANOS,SUP. UNIV. COMPLETA,SUP. UNIV. COMPLETA,SI,INDEPENDIENTE,SI,INDEPENDIENTE,SI,PROPIA,SUS PADRES
176,CASA INDEPENDIENTE,PROPIA,SI,SI,SOLO(A),SUP. UNIV. COMPLETA,SECUNDARIA,SI,INDEPENDIENTE,SI,INDEPENDIENTE,SI,PROPIA,POR SU CUENTA
177,CASA INDEPENDIENTE,PROPIA,SI,SI,PADRES Y HERMANOS,SECUNDARIA,SECUNDARIA,SI,INDEPENDIENTE,SI,INDEPENDIENTE,SI,PROPIA,POR SU CUENTA
178,CASA INDEPENDIENTE,PROPIA,SI,SI,PADRES Y HERMANOS,SUP. UNIV. COMPLETA,SUP. UNIV. INCOMPLETA,SI,INDEPENDIENTE,SI,INDEPENDIENTE,SI,PROPIA,POR SU CUENTA
179,CASA INDEPENDIENTE,PROPIA,SI,SI,PADRES Y HERMANOS,SUP. UNIV. COMPLETA,SUP. UNIV. COMPLETA,NO,NaN,SI,DEPENDIENTE,SI,PROPIA,POR SU CUENTA
180,CASA INDEPENDIENTE,PROPIA,SI,SI,SOLO MADRE,SUP. UNIV. INCOMPLETA,SUP. UNIV. INCOMPLETA,SI,INDEPENDIENTE,NO,NaN,SI,PROPIA,SUS PADRES
181,CASA INDEPENDIENTE,PROPIA,SI,SI,PADRES Y HERMANOS,SUP. UNIV. COMPLETA,SECUNDARIA,SI,DEPENDIENTE,NO,NaN,SI,PROPIA,SUS PADRES
182,CASA INDEPENDIENTE,PROPIA,SI,SI,PADRES Y HERMANOS,SUP. UNIV. COMPLETA,SECUNDARIA,NO,NaN,NO,NaN,SI,PROPIA,SUS PADRES
183,CASA INDEPENDIENTE,PROPIA,SI,SI,SOLO HERMANOS,SUP. UNIV. COMPLETA,SUP. UNIV. COMPLETA,SI,INDEPENDIENTE,SI,INDEPENDIENTE,SI,PROPIA,SUS PADRES
184,OTRO,ALQUILADA,SI,SI,PADRES Y HERMANOS,ESTUDIOS TECNICOS NO UNIVERSITARIOS,SECUNDARIA,SI,DEPENDIENTE,SI,INDEPENDIENTE,SI,CABINAS DE INTERNET,SUS PADRES
185,CASA INDEPENDIENTE,PROPIA,SI,SI,OTROS PARIENTES,SECUNDARIA,OTROS ESTUDIOS,SI,INDEPENDIENTE,SI,INDEPENDIENTE,SI,PROPIA,POR SU CUENTA
186,CASA INDEPENDIENTE,PROPIA,SI,SI,PADRES Y HERMANOS,NaN,NaN,NaN,NaN,NaN,NaN,SI,NaN,SUS PADRES
187,CASA INDEPENDIENTE,ALQUILADA,SI,SI,PADRES Y HERMANOS,SECUNDARIA,SECUNDARIA,SI,INDEPENDIENTE,SI,INDEPENDIENTE,SI,CABINAS DE INTERNET,SUS PADRES
188,CASA INDEPENDIENTE,PROPIA,SI,SI,PADRES Y HERMANOS,SUP. UNIV. COMPLETA,SUP. UNIV. COMPLETA,SI,INDEPENDIENTE,SI,DEPENDIENTE,SI,PROPIA,SUS PADRES
189,CASA INDEPENDIENTE,PROPIA,SI,SI,SOLO MADRE,ESTUDIOS TECNICOS NO UNIVERSITARIOS,ESTUDIOS TECNICOS NO UNIVERSITARIOS,SI,INDEPENDIENTE,SI,DEPENDIENTE,SI,CABINAS DE INTERNET,SUS PADRES
190,CASA INDEPENDIENTE,PROPIA,SI,SI,OTROS PARIENTES,SUP. UNIV. COMPLETA,SECUNDARIA,SI,DEPENDIENTE,SI,DEPENDIENTE,SI,PROPIA,POR SU CUENTA
191,OTRO,ALQUILADA,SI,SI,PADRES Y HERMANOS,SECUNDARIA,SECUNDARIA,SI,DEPENDIENTE,NO,NaN,SI,PROPIA,SUS PADRES
192,OTRO,ALQUILADA,SI,SI,SOLO(A),SECUNDARIA,SECUNDARIA,SI,DEPENDIENTE,NO,NaN,NO,NaN,SUS PADRES
193,OTRO,PROPIA,SI,SI,PADRES Y HERMANOS,SECUNDARIA,SECUNDARIA,SI,INDEPENDIENTE,SI,INDEPENDIENTE,SI,PROPIA,SUS PADRES
194,OTRO,ALQUILADA,SI,SI,SOLO(A),SECUNDARIA,SECUNDARIA,SI,INDEPENDIENTE,SI,INDEPENDIENTE,SI,PROPIA,POR SU CUENTA
195,CASA INDEPENDIENTE,PROPIA,NO,SI,SOLO HERMANOS,NaN,OTROS ESTUDIOS,NaN,NaN,NO,NaN,SI,CABINAS DE INTERNET,OTROS
196,CASA INDEPENDIENTE,PROPIA,SI,SI,SOLO(A),SUP. UNIV. COMPLETA,SECUNDARIA,SI,DEPENDIENTE,SI,INDEPENDIENTE,SI,PROPIA,POR SU CUENTA
197,CASA INDEPENDIENTE,PROPIA,SI,SI,OTROS PARIENTES,SUP. UNIV. INCOMPLETA,SECUNDARIA,SI,DEPENDIENTE,SI,DEPENDIENTE,SI,PROPIA,POR SU CUENTA
198,CASA INDEPENDIENTE,PROPIA,SI,SI,PADRES Y HERMANOS,SUP. UNIV. INCOMPLETA,SUP. UNIV. INCOMPLETA,SI,INDEPENDIENTE,SI,INDEPENDIENTE,SI,PROPIA,SUS PADRES
199,CASA INDEPENDIENTE,PROPIA,SI,SI,PADRES Y HERMANOS,SUP. UNIV. COMPLETA,SECUNDARIA,SI,INDEPENDIENTE,SI,INDEPENDIENTE,SI,CABINAS DE INTERNET,SUS PADRES
200,CASA INDEPENDIENTE,PROPIA,SI,SI,PADRES Y HERMANOS,SUP. UNIV. INCOMPLETA,SUP. UNIV. INCOMPLETA,SI,DEPENDIENTE,SI,INDEPENDIENTE,SI,PROPIA,SUS PADRES
201,CASA INDEPENDIENTE,PROPIA,SI,SI,SOLO MADRE,SUP. UNIV. COMPLETA,SUP. UNIV. COMPLETA,SI,DEPENDIENTE,SI,DEPENDIENTE,SI,PROPIA,SUS PADRES
202,CASA INDEPENDIENTE,PROPIA,SI,SI,PADRES Y HERMANOS,ESTUDIOS TECNICOS NO UNIVERSITARIOS,ESTUDIOS TECNICOS NO UNIVERSITARIOS,SI,DEPENDIENTE,SI,INDEPENDIENTE,SI,PROPIA,SUS PADRES
203,CASA INDEPENDIENTE,PROPIA,SI,SI,PADRES Y HERMANOS,SECUNDARIA,SECUNDARIA,SI,INDEPENDIENTE,SI,INDEPENDIENTE,SI,PROPIA,SUS PADRES
204,CASA INDEPENDIENTE,PROPIA,SI,SI,PADRES Y HERMANOS,ESTUDIOS TECNICOS NO UNIVERSITARIOS,ESTUDIOS TECNICOS NO UNIVERSITARIOS,SI,DEPENDIENTE,SI,INDEPENDIENTE,SI,PROPIA,SUS PADRES
205,CASA INDEPENDIENTE,PROPIA,SI,SI,SOLO HERMANOS,SUP. UNIV. COMPLETA,SECUNDARIA,SI,DEPENDIENTE,SI,INDEPENDIENTE,SI,PROPIA,SUS PADRES
206,CASA INDEPENDIENTE,PROPIA,SI,SI,PADRES Y HERMANOS,ESTUDIOS TECNICOS NO UNIVERSITARIOS,ESTUDIOS TECNICOS NO UNIVERSITARIOS,SI,INDEPENDIENTE,SI,INDEPENDIENTE,SI,PROPIA,SUS PADRES
207,CASA INDEPENDIENTE,PROPIA,SI,SI,SOLO MADRE,SECUNDARIA,SECUNDARIA,SI,INDEPENDIENTE,SI,INDEPENDIENTE,SI,CABINAS DE INTERNET,SUS PADRES
208,CASA INDEPENDIENTE,PROPIA,SI,SI,PADRES Y HERMANOS,SECUNDARIA,SECUNDARIA,SI,DEPENDIENTE,SI,INDEPENDIENTE,NO,NaN,SUS PADRES
209,OTRO,OTRO,SI,SI,PADRES Y HERMANOS,SUP. UNIV. COMPLETA,SUP. UNIV. INCOMPLETA,SI,DEPENDIENTE,SI,DEPENDIENTE,SI,PROPIA,SUS PADRES
210,CASA INDEPENDIENTE,PROPIA,SI,SI,PADRES Y HERMANOS,SUP. UNIV. COMPLETA,SUP. UNIV. COMPLETA,SI,INDEPENDIENTE,SI,INDEPENDIENTE,SI,PROPIA,SUS PADRES
211,CASA INDEPENDIENTE,PROPIA,SI,SI,PADRES Y HERMANOS,ESTUDIOS TECNICOS NO UNIVERSITARIOS,ESTUDIOS TECNICOS NO UNIVERSITARIOS,SI,DEPENDIENTE,SI,INDEPENDIENTE,SI,PROPIA,SUS PADRES
212,CASA INDEPENDIENTE,PROPIA,SI,SI,PADRES Y HERMANOS,SUP. UNIV. COMPLETA,SUP. UNIV. COMPLETA,SI,DEPENDIENTE,SI,INDEPENDIENTE,SI,PROPIA,SUS PADRES
213,CASA INDEPENDIENTE,PROPIA,NO,SI,PADRES Y HERMANOS,NaN,SUP. UNIV. COMPLETA,NaN,NaN,SI,INDEPENDIENTE,SI,PROPIA,SUS PADRES
214,OTRO,PROPIA,SI,SI,SOLO MADRE,OTROS ESTUDIOS,SUP. UNIV. COMPLETA,SI,DEPENDIENTE,NO,NaN,SI,PROPIA,SUS PADRES
215,OTRO,PROPIA,SI,SI,PADRES Y HERMANOS,SECUNDARIA,SECUNDARIA,SI,INDEPENDIENTE,SI,INDEPENDIENTE,SI,PROPIA,SUS PADRES
216,CASA INDEPENDIENTE,PROPIA,SI,SI,PADRES Y HERMANOS,SECUNDARIA,OTROS ESTUDIOS,SI,INDEPENDIENTE,NO,NaN,SI,PROPIA,SUS PADRES
217,CASA INDEPENDIENTE,PROPIA,SI,SI,PADRES Y HERMANOS,OTROS ESTUDIOS,OTROS ESTUDIOS,SI,DEPENDIENTE,SI,INDEPENDIENTE,SI,PROPIA,POR SU CUENTA
218,CASA INDEPENDIENTE,PROPIA,SI,SI,PADRES Y HERMANOS,SECUNDARIA,SECUNDARIA,SI,INDEPENDIENTE,SI,INDEPENDIENTE,SI,PROPIA,SUS PADRES
219,CASA INDEPENDIENTE,PROPIA,SI,SI,SOLO MADRE,SUP. UNIV. COMPLETA,SUP. UNIV. COMPLETA,SI,DEPENDIENTE,SI,DEPENDIENTE,SI,PROPIA,SUS PADRES
220,CASA INDEPENDIENTE,PROPIA,SI,SI,PADRES Y HERMANOS,SUP. UNIV. COMPLETA,SUP. UNIV. INCOMPLETA,SI,DEPENDIENTE,SI,INDEPENDIENTE,SI,PROPIA,SUS PADRES
221,OTRO,PROPIA,SI,SI,PADRES Y HERMANOS,SECUNDARIA,SECUNDARIA,SI,DEPENDIENTE,SI,DEPENDIENTE,SI,PROPIA,SUS PADRES
222,CASA INDEPENDIENTE,PROPIA,SI,SI,PADRES Y HERMANOS,ESTUDIOS TECNICOS NO UNIVERSITARIOS,ESTUDIOS TECNICOS NO UNIVERSITARIOS,SI,DEPENDIENTE,NO,NaN,SI,CABINAS DE INTERNET,SUS PADRES
223,CASA INDEPENDIENTE,PROPIA,NO,SI,PADRES Y HERMANOS,NaN,ESTUDIOS TECNICOS NO UNIVERSITARIOS,NaN,NaN,SI,DEPENDIENTE,SI,CABINAS DE INTERNET,SUS PADRES
224,CASA INDEPENDIENTE,PROPIA,SI,SI,PADRES Y HERMANOS,SUP. UNIV. COMPLETA,SUP. UNIV. COMPLETA,SI,INDEPENDIENTE,SI,DEPENDIENTE,SI,PROPIA,SUS PADRES
225,CASA INDEPENDIENTE,PROPIA,SI,SI,PADRES Y HERMANOS,SECUNDARIA,SECUNDARIA,SI,INDEPENDIENTE,SI,INDEPENDIENTE,SI,CABINAS DE INTERNET,SUS PADRES
226,CASA INDEPENDIENTE,PROPIA,SI,SI,PADRES Y HERMANOS,SUP. UNIV. INCOMPLETA,SUP. UNIV. COMPLETA,SI,DEPENDIENTE,SI,DEPENDIENTE,SI,PROPIA,SUS PADRES
227,CASA INDEPENDIENTE,PROPIA,SI,SI,PADRES Y HERMANOS,SUP. UNIV. COMPLETA,ESTUDIOS TECNICOS NO UNIVERSITARIOS,SI,INDEPENDIENTE,SI,DEPENDIENTE,SI,PROPIA,SUS PADRES
228,CASA INDEPENDIENTE,PROPIA,SI,SI,PADRES Y HERMANOS,SUP. UNIV. COMPLETA,SUP. UNIV. INCOMPLETA,SI,DEPENDIENTE,NO,NaN,SI,PROPIA,SUS PADRES
229,CASA INDEPENDIENTE,PROPIA,SI,SI,PADRES Y HERMANOS,OTROS ESTUDIOS,OTROS ESTUDIOS,SI,INDEPENDIENTE,SI,INDEPENDIENTE,SI,CABINAS DE INTERNET,SUS PADRES
230,CASA INDEPENDIENTE,PROPIA,SI,SI,SOLO MADRE,SUP. UNIV. COMPLETA,SUP. UNIV. COMPLETA,SI,DEPENDIENTE,SI,INDEPENDIENTE,SI,PROPIA,SUS PADRES
231,CASA INDEPENDIENTE,PROPIA,SI,SI,PADRES Y HERMANOS,SUP. UNIV. COMPLETA,SUP. UNIV. COMPLETA,SI,INDEPENDIENTE,SI,INDEPENDIENTE,SI,PROPIA,SUS PADRES
232,CASA INDEPENDIENTE,PROPIA,SI,SI,PADRES Y HERMANOS,ESTUDIOS TECNICOS NO UNIVERSITARIOS,ESTUDIOS TECNICOS NO UNIVERSITARIOS,SI,DEPENDIENTE,SI,INDEPENDIENTE,SI,PROPIA,SUS PADRES
233,CASA INDEPENDIENTE,PROPIA,SI,SI,PADRES Y HERMANOS,SUP. UNIV. COMPLETA,SUP. UNIV. COMPLETA,SI,INDEPENDIENTE,SI,DEPENDIENTE,SI,PROPIA,SUS PADRES
234,CASA INDEPENDIENTE,PROPIA,SI,SI,PADRES Y HERMANOS,OTROS ESTUDIOS,ESTUDIOS TECNICOS NO UNIVERSITARIOS,SI,INDEPENDIENTE,SI,NaN,SI,PROPIA,SUS PADRES
235,CASA INDEPENDIENTE,PROPIA,SI,SI,PADRES Y HERMANOS,SUP. UNIV. INCOMPLETA,SECUNDARIA,SI,INDEPENDIENTE,SI,INDEPENDIENTE,SI,PROPIA,SUS PADRES
236,CASA INDEPENDIENTE,PROPIA,SI,SI,PADRES Y HERMANOS,SUP. UNIV. INCOMPLETA,SUP. UNIV. INCOMPLETA,SI,DEPENDIENTE,SI,DEPENDIENTE,SI,PROPIA,SUS PADRES
237,CASA INDEPENDIENTE,PROPIA,SI,SI,PADRES Y HERMANOS,SUP. UNIV. COMPLETA,SUP. UNIV. COMPLETA,SI,DEPENDIENTE,SI,DEPENDIENTE,SI,PROPIA,SUS PADRES
238,CASA INDEPENDIENTE,PROPIA,SI,SI,PADRES Y HERMANOS,SUP. UNIV. INCOMPLETA,SUP. UNIV. INCOMPLETA,SI,DEPENDIENTE,SI,INDEPENDIENTE,SI,PROPIA,SUS PADRES
239,CASA INDEPENDIENTE,PROPIA,SI,SI,SOLO MADRE,SECUNDARIA,OTROS ESTUDIOS,SI,INDEPENDIENTE,SI,INDEPENDIENTE,SI,CABINAS DE INTERNET,SUS PADRES
240,CASA INDEPENDIENTE,PROPIA,SI,SI,PADRES Y HERMANOS,ESTUDIOS TECNICOS NO UNIVERSITARIOS,SECUNDARIA,SI,INDEPENDIENTE,SI,INDEPENDIENTE,SI,PROPIA,SUS PADRES
241,CASA INDEPENDIENTE,PROPIA,SI,SI,PADRES Y HERMANOS,ESTUDIOS TECNICOS NO UNIVERSITARIOS,SECUNDARIA,SI,DEPENDIENTE,SI,INDEPENDIENTE,SI,PROPIA,SUS PADRES
242,CASA INDEPENDIENTE,PROPIA,SI,SI,PADRES Y HERMANOS,SECUNDARIA,SECUNDARIA,SI,INDEPENDIENTE,SI,INDEPENDIENTE,SI,PROPIA,SUS PADRES
243,CASA INDEPENDIENTE,PROPIA,SI,SI,OTROS PARIENTES,SUP. UNIV. COMPLETA,SUP. UNIV. COMPLETA,SI,INDEPENDIENTE,SI,DEPENDIENTE,SI,PROPIA,POR SU CUENTA
244,CASA INDEPENDIENTE,PROPIA,SI,SI,PADRES Y HERMANOS,ESTUDIOS TECNICOS NO UNIVERSITARIOS,SECUNDARIA,SI,DEPENDIENTE,SI,INDEPENDIENTE,SI,PROPIA,SUS PADRES
245,CASA INDEPENDIENTE,PROPIA,SI,SI,PADRES Y HERMANOS,SUP. UNIV. COMPLETA,SUP. UNIV. COMPLETA,SI,DEPENDIENTE,SI,INDEPENDIENTE,SI,PROPIA,POR SU CUENTA
246,CASA INDEPENDIENTE,PROPIA,SI,SI,PADRES Y HERMANOS,SECUNDARIA,SECUNDARIA,SI,INDEPENDIENTE,SI,INDEPENDIENTE,SI,PROPIA,SUS PADRES
247,CASA INDEPENDIENTE,PROPIA,SI,SI,PADRES Y HERMANOS,SUP. UNIV. COMPLETA,SUP. UNIV. COMPLETA,SI,DEPENDIENTE,SI,INDEPENDIENTE,SI,PROPIA,SUS PADRES
248,CASA INDEPENDIENTE,PROPIA,SI,SI,PADRES Y HERMANOS,SECUNDARIA,OTROS ESTUDIOS,SI,INDEPENDIENTE,SI,INDEPENDIENTE,SI,CABINAS DE INTERNET,POR SU CUENTA
249,CASA INDEPENDIENTE,PROPIA,SI,SI,PADRES Y HERMANOS,SECUNDARIA,OTROS ESTUDIOS,SI,INDEPENDIENTE,SI,INDEPENDIENTE,SI,CABINAS DE INTERNET,SUS PADRES
250,CASA INDEPENDIENTE,PROPIA,SI,SI,OTROS PARIENTES,SECUNDARIA,SECUNDARIA,SI,INDEPENDIENTE,SI,INDEPENDIENTE,SI,PROPIA,SUS PADRES
251,CASA INDEPENDIENTE,PROPIA,SI,SI,PADRES Y HERMANOS,SUP. UNIV. COMPLETA,SECUNDARIA,SI,INDEPENDIENTE,SI,INDEPENDIENTE,SI,PROPIA,POR SU CUENTA
252,CASA INDEPENDIENTE,PROPIA,SI,NO,PADRES Y HERMANOS,SUP. UNIV. COMPLETA,NaN,SI,DEPENDIENTE,NaN,NaN,SI,PROPIA,SUS PADRES
253,CASA INDEPENDIENTE,PROPIA,SI,SI,PADRES Y HERMANOS,SUP. UNIV. COMPLETA,SUP. UNIV. COMPLETA,SI,INDEPENDIENTE,SI,DEPENDIENTE,SI,PROPIA,SUS PADRES
254,CASA INDEPENDIENTE,PROPIA,SI,SI,PADRES Y HERMANOS,OTROS ESTUDIOS,OTROS ESTUDIOS,SI,INDEPENDIENTE,SI,INDEPENDIENTE,SI,PROPIA,OTROS
255,CASA INDEPENDIENTE,PROPIA,SI,SI,PADRES Y HERMANOS,SUP. UNIV. COMPLETA,OTROS ESTUDIOS,SI,DEPENDIENTE,SI,DEPENDIENTE,SI,PROPIA,SUS PADRES
256,OTRO,OTRO,SI,SI,SOLO MADRE,SUP. UNIV. COMPLETA,SECUNDARIA,SI,INDEPENDIENTE,NO,NaN,SI,PROPIA,SUS PADRES
257,CASA INDEPENDIENTE,PROPIA,SI,SI,PADRES Y HERMANOS,SECUNDARIA,ESTUDIOS TECNICOS NO UNIVERSITARIOS,SI,INDEPENDIENTE,SI,INDEPENDIENTE,SI,PROPIA,SUS PADRES
258,CASA INDEPENDIENTE,PROPIA,SI,SI,PADRES Y HERMANOS,SUP. UNIV. COMPLETA,ESTUDIOS TECNICOS NO UNIVERSITARIOS,SI,DEPENDIENTE,SI,INDEPENDIENTE,SI,PROPIA,SUS PADRES
259,CASA INDEPENDIENTE,PROPIA,SI,SI,PADRES Y HERMANOS,SECUNDARIA,SECUNDARIA,SI,INDEPENDIENTE,SI,INDEPENDIENTE,SI,CABINAS DE INTERNET,SUS PADRES
260,CASA INDEPENDIENTE,PROPIA,SI,NO,PADRES Y HERMANOS,SUP. UNIV. INCOMPLETA,NaN,NO,NaN,NaN,NaN,SI,PROPIA,SUS PADRES
261,CASA INDEPENDIENTE,PROPIA,NO,NO,SOLO(A),NaN,NaN,NaN,NaN,NaN,NaN,SI,CABINAS DE INTERNET,POR SU CUENTA
262,OTRO,OTRO,SI,SI,PADRES Y HERMANOS,SUP. UNIV. INCOMPLETA,SECUNDARIA,SI,INDEPENDIENTE,SI,INDEPENDIENTE,SI,PROPIA,SUS PADRES
263,CASA INDEPENDIENTE,PROPIA,SI,SI,PADRES Y HERMANOS,SECUNDARIA,SECUNDARIA,SI,DEPENDIENTE,SI,INDEPENDIENTE,SI,PROPIA,SUS PADRES
264,CASA INDEPENDIENTE,PROPIA,SI,SI,PADRES Y HERMANOS,SECUNDARIA,SECUNDARIA,SI,INDEPENDIENTE,SI,INDEPENDIENTE,SI,CABINAS DE INTERNET,SUS PADRES
265,CASA INDEPENDIENTE,PROPIA,SI,SI,PADRES Y HERMANOS,SUP. UNIV. INCOMPLETA,SUP. UNIV. INCOMPLETA,SI,DEPENDIENTE,SI,INDEPENDIENTE,SI,PROPIA,SUS PADRES
266,CASA INDEPENDIENTE,PROPIA,NO,SI,PADRES Y HERMANOS,NaN,SUP. UNIV. COMPLETA,NaN,NaN,SI,DEPENDIENTE,SI,PROPIA,SUS PADRES
267,CASA INDEPENDIENTE,PROPIA,SI,SI,PADRES Y HERMANOS,SUP. UNIV. COMPLETA,SUP. UNIV. COMPLETA,SI,INDEPENDIENTE,SI,DEPENDIENTE,SI,PROPIA,SUS PADRES
268,OTRO,PROPIA,SI,SI,PADRES Y HERMANOS,SUP. UNIV. COMPLETA,SUP. UNIV. COMPLETA,SI,DEPENDIENTE,SI,DEPENDIENTE,SI,PROPIA,SUS PADRES
269,CASA INDEPENDIENTE,PROPIA,SI,SI,PADRES Y HERMANOS,SUP. UNIV. INCOMPLETA,ESTUDIOS TECNICOS NO UNIVERSITARIOS,SI,DEPENDIENTE,SI,DEPENDIENTE,SI,PROPIA,SUS PADRES
270,OTRO,PROPIA,SI,SI,PADRES Y HERMANOS,SECUNDARIA,SECUNDARIA,SI,INDEPENDIENTE,SI,INDEPENDIENTE,SI,PROPIA,SUS PADRES
271,CASA INDEPENDIENTE,PROPIA,SI,SI,PADRES Y HERMANOS,OTROS ESTUDIOS,SUP. UNIV. INCOMPLETA,SI,DEPENDIENTE,SI,DEPENDIENTE,SI,PROPIA,SUS PADRES
272,CASA INDEPENDIENTE,PROPIA,SI,SI,PADRES Y HERMANOS,ESTUDIOS TECNICOS NO UNIVERSITARIOS,ESTUDIOS TECNICOS NO UNIVERSITARIOS,SI,INDEPENDIENTE,SI,INDEPENDIENTE,SI,PROPIA,SUS PADRES
273,OTRO,ALQUILADA,SI,SI,PADRES Y HERMANOS,SECUNDARIA,SECUNDARIA,NO,NaN,NO,NaN,SI,PROPIA,POR SU CUENTA
274,CASA INDEPENDIENTE,PROPIA,SI,SI,PADRES Y HERMANOS,SECUNDARIA,SECUNDARIA,NO,NaN,NO,NaN,SI,PROPIA,POR SU CUENTA
275,OTRO,ALQUILADA,SI,SI,PADRES Y HERMANOS,SECUNDARIA,ESTUDIOS TECNICOS NO UNIVERSITARIOS,SI,DEPENDIENTE,SI,DEPENDIENTE,SI,OTRAS,SUS PADRES
276,CASA INDEPENDIENTE,PROPIA,SI,SI,PADRES Y HERMANOS,SUP. UNIV. COMPLETA,SUP. UNIV. COMPLETA,SI,INDEPENDIENTE,SI,INDEPENDIENTE,SI,PROPIA,SUS PADRES
277,CASA INDEPENDIENTE,PROPIA,SI,SI,PADRES Y HERMANOS,ESTUDIOS TECNICOS NO UNIVERSITARIOS,SECUNDARIA,SI,INDEPENDIENTE,SI,INDEPENDIENTE,SI,PROPIA,SUS PADRES
278,CASA INDEPENDIENTE,PROPIA,SI,SI,PADRES Y HERMANOS,SUP. UNIV. COMPLETA,SUP. UNIV. COMPLETA,SI,INDEPENDIENTE,SI,DEPENDIENTE,SI,PROPIA,SUS PADRES
279,CASA INDEPENDIENTE,PROPIA,SI,SI,PADRES Y HERMANOS,ESTUDIOS TECNICOS NO UNIVERSITARIOS,ESTUDIOS TECNICOS NO UNIVERSITARIOS,SI,INDEPENDIENTE,SI,INDEPENDIENTE,SI,PROPIA,SUS PADRES
280,CASA INDEPENDIENTE,PROPIA,SI,SI,PADRES Y HERMANOS,SECUNDARIA,SECUNDARIA,SI,INDEPENDIENTE,NO,NaN,SI,PROPIA,SUS PADRES
281,CASA INDEPENDIENTE,PROPIA,NO,SI,PADRES Y HERMANOS,NaN,SUP. UNIV. COMPLETA,NaN,NaN,SI,INDEPENDIENTE,SI,PROPIA,SUS PADRES
282,OTRO,ALQUILADA,SI,SI,SOLO HERMANOS,ESTUDIOS TECNICOS NO UNIVERSITARIOS,SECUNDARIA,NO,NaN,NO,NaN,SI,PROPIA,SUS PADRES
283,OTRO,OTRO,NO,SI,PADRES Y HERMANOS,NaN,SUP. UNIV. INCOMPLETA,NaN,NaN,SI,INDEPENDIENTE,SI,PROPIA,OTROS
284,CASA INDEPENDIENTE,PROPIA,SI,SI,SOLO HERMANOS,SUP. UNIV. COMPLETA,SUP. UNIV. COMPLETA,SI,DEPENDIENTE,SI,DEPENDIENTE,SI,PROPIA,SUS PADRES
285,CASA INDEPENDIENTE,PROPIA,SI,SI,OTROS PARIENTES,SECUNDARIA,SECUNDARIA,NO,NaN,NO,NaN,SI,PROPIA,POR SU CUENTA
286,CASA INDEPENDIENTE,PROPIA,SI,SI,PADRES Y HERMANOS,OTROS ESTUDIOS,OTROS ESTUDIOS,SI,INDEPENDIENTE,SI,DEPENDIENTE,SI,PROPIA,SUS PADRES
287,CASA INDEPENDIENTE,PROPIA,SI,SI,PADRES Y HERMANOS,SUP. UNIV. COMPLETA,SUP. UNIV. COMPLETA,SI,DEPENDIENTE,SI,DEPENDIENTE,SI,PROPIA,SUS PADRES
288,CASA INDEPENDIENTE,PROPIA,SI,SI,PADRES Y HERMANOS,SUP. UNIV. COMPLETA,SUP. UNIV. COMPLETA,SI,INDEPENDIENTE,SI,INDEPENDIENTE,SI,CABINAS DE INTERNET,SUS PADRES
289,CASA INDEPENDIENTE,PROPIA,SI,SI,PADRES Y HERMANOS,ESTUDIOS TECNICOS NO UNIVERSITARIOS,SECUNDARIA,SI,DEPENDIENTE,SI,INDEPENDIENTE,SI,PROPIA,SUS PADRES
290,CASA INDEPENDIENTE,PROPIA,SI,SI,PADRES Y HERMANOS,SUP. UNIV. COMPLETA,SUP. UNIV. COMPLETA,SI,INDEPENDIENTE,SI,DEPENDIENTE,SI,PROPIA,SUS PADRES
291,CASA INDEPENDIENTE,PROPIA,SI,SI,PADRES Y HERMANOS,SUP. UNIV. INCOMPLETA,SUP. UNIV. INCOMPLETA,SI,DEPENDIENTE,SI,DEPENDIENTE,SI,PROPIA,SUS PADRES
292,CASA INDEPENDIENTE,PROPIA,SI,SI,PADRES Y HERMANOS,SUP. UNIV. COMPLETA,SUP. UNIV. COMPLETA,SI,DEPENDIENTE,SI,DEPENDIENTE,SI,PROPIA,SUS PADRES
293,CASA INDEPENDIENTE,PROPIA,SI,SI,PADRES Y HERMANOS,SUP. UNIV. INCOMPLETA,ESTUDIOS TECNICOS NO UNIVERSITARIOS,SI,DEPENDIENTE,SI,DEPENDIENTE,SI,PROPIA,SUS PADRES
294,CASA INDEPENDIENTE,PROPIA,SI,SI,PADRES Y HERMANOS,ESTUDIOS TECNICOS NO UNIVERSITARIOS,ESTUDIOS TECNICOS NO UNIVERSITARIOS,SI,DEPENDIENTE,NO,NaN,SI,PROPIA,SUS PADRES
295,CASA INDEPENDIENTE,PROPIA,NO,SI,SOLO MADRE,NaN,SUP. UNIV. COMPLETA,NaN,NaN,SI,DEPENDIENTE,SI,PROPIA,SUS PADRES
296,OTRO,PROPIA,SI,SI,PADRES Y HERMANOS,SUP. UNIV. INCOMPLETA,ESTUDIOS TECNICOS NO UNIVERSITARIOS,SI,DEPENDIENTE,SI,DEPENDIENTE,SI,PROPIA,SUS PADRES
297,CASA INDEPENDIENTE,OTRO,SI,SI,PADRES Y HERMANOS,ESTUDIOS TECNICOS NO UNIVERSITARIOS,ESTUDIOS TECNICOS NO UNIVERSITARIOS,SI,DEPENDIENTE,SI,DEPENDIENTE,SI,PROPIA,SUS PADRES
298,CASA INDEPENDIENTE,PROPIA,SI,SI,SOLO MADRE,SUP. UNIV. COMPLETA,SUP. UNIV. COMPLETA,SI,INDEPENDIENTE,SI,INDEPENDIENTE,SI,PROPIA,SUS PADRES
299,CASA INDEPENDIENTE,ALQUILADA,SI,SI,SOLO MADRE,SUP. UNIV. INCOMPLETA,SUP. UNIV. COMPLETA,NO,NaN,SI,INDEPENDIENTE,SI,PROPIA,SUS PADRES
300,CASA INDEPENDIENTE,PROPIA,SI,SI,PADRES Y HERMANOS,SUP. UNIV. INCOMPLETA,SUP. UNIV. COMPLETA,SI,DEPENDIENTE,SI,DEPENDIENTE,SI,PROPIA,SUS PADRES
301,OTRO,ALQUILADA,SI,SI,PADRES Y HERMANOS,ESTUDIOS TECNICOS NO UNIVERSITARIOS,ESTUDIOS TECNICOS NO UNIVERSITARIOS,NO,NaN,SI,DEPENDIENTE,SI,OTRAS,SUS PADRES
302,CASA INDEPENDIENTE,PROPIA,SI,SI,PADRES Y HERMANOS,SUP. UNIV. COMPLETA,ESTUDIOS TECNICOS NO UNIVERSITARIOS,SI,DEPENDIENTE,SI,DEPENDIENTE,SI,PROPIA,SUS PADRES
303,OTRO,OTRO,SI,SI,PADRES Y HERMANOS,ESTUDIOS TECNICOS NO UNIVERSITARIOS,SUP. UNIV. COMPLETA,SI,DEPENDIENTE,SI,DEPENDIENTE,SI,PROPIA,SUS PADRES
304,CASA INDEPENDIENTE,PROPIA,SI,SI,PADRES Y HERMANOS,SUP. UNIV. INCOMPLETA,SUP. UNIV. COMPLETA,SI,DEPENDIENTE,SI,DEPENDIENTE,SI,PROPIA,SUS PADRES
305,CASA INDEPENDIENTE,PROPIA,SI,SI,PADRES Y HERMANOS,ESTUDIOS TECNICOS NO UNIVERSITARIOS,ESTUDIOS TECNICOS NO UNIVERSITARIOS,SI,DEPENDIENTE,SI,DEPENDIENTE,SI,PROPIA,SUS PADRES
306,CASA INDEPENDIENTE,PROPIA,SI,SI,PADRES Y HERMANOS,SUP. UNIV. INCOMPLETA,ESTUDIOS TECNICOS NO UNIVERSITARIOS,SI,DEPENDIENTE,SI,DEPENDIENTE,SI,PROPIA,SUS PADRES
307,OTRO,PROPIA,SI,SI,PADRES Y HERMANOS,OTROS ESTUDIOS,SUP. UNIV. COMPLETA,SI,INDEPENDIENTE,SI,INDEPENDIENTE,SI,PROPIA,SUS PADRES
308,CASA INDEPENDIENTE,PROPIA,SI,SI,PADRES Y HERMANOS,ESTUDIOS TECNICOS NO UNIVERSITARIOS,ESTUDIOS TECNICOS NO UNIVERSITARIOS,SI,INDEPENDIENTE,SI,INDEPENDIENTE,SI,PROPIA,SUS PADRES
309,OTRO,ALQUILADA,SI,SI,SOLO MADRE,SUP. UNIV. COMPLETA,SUP. UNIV. COMPLETA,SI,INDEPENDIENTE,SI,INDEPENDIENTE,SI,CABINAS DE INTERNET,SUS PADRES
310,CASA INDEPENDIENTE,PROPIA,SI,SI,PADRES Y HERMANOS,SECUNDARIA,SECUNDARIA,SI,INDEPENDIENTE,SI,INDEPENDIENTE,SI,PROPIA,SUS PADRES
311,OTRO,PROPIA,SI,SI,PADRES Y HERMANOS,SUP. UNIV. COMPLETA,SUP. UNIV. INCOMPLETA,SI,INDEPENDIENTE,SI,INDEPENDIENTE,SI,CABINAS DE INTERNET,SUS PADRES
312,CASA INDEPENDIENTE,ALQUILADA,SI,SI,SOLO MADRE,SUP. UNIV. COMPLETA,SUP. UNIV. INCOMPLETA,NO,NaN,SI,DEPENDIENTE,SI,PROPIA,SUS PADRES
313,OTRO,PROPIA,SI,NO,PADRES Y HERMANOS,SUP. UNIV. COMPLETA,NaN,SI,INDEPENDIENTE,NaN,NaN,SI,PROPIA,SUS PADRES
314,CASA INDEPENDIENTE,PROPIA,SI,SI,PADRES Y HERMANOS,SUP. UNIV. COMPLETA,SUP. UNIV. COMPLETA,SI,NaN,SI,NaN,SI,PROPIA,SUS PADRES
315,OTRO,PROPIA,SI,SI,PADRES Y HERMANOS,SUP. UNIV. COMPLETA,ESTUDIOS TECNICOS NO UNIVERSITARIOS,SI,DEPENDIENTE,NO,NaN,SI,NaN,SUS PADRES
316,CASA INDEPENDIENTE,OTRO,SI,SI,PADRES Y HERMANOS,SUP. UNIV. INCOMPLETA,SUP. UNIV. COMPLETA,SI,DEPENDIENTE,NO,NaN,SI,PROPIA,SUS PADRES
317,CASA INDEPENDIENTE,PROPIA,SI,SI,PADRES Y HERMANOS,SUP. UNIV. INCOMPLETA,SUP. UNIV. COMPLETA,SI,DEPENDIENTE,SI,DEPENDIENTE,SI,PROPIA,SUS PADRES
318,CASA INDEPENDIENTE,PROPIA,SI,SI,PADRES Y HERMANOS,SUP. UNIV. COMPLETA,SUP. UNIV. COMPLETA,SI,DEPENDIENTE,SI,DEPENDIENTE,SI,PROPIA,SUS PADRES
319,CASA INDEPENDIENTE,PROPIA,NO,SI,OTROS PARIENTES,NaN,SECUNDARIA,NaN,NaN,SI,NaN,SI,NaN,SUS PADRES
320,OTRO,OTRO,SI,SI,PADRES Y HERMANOS,SUP. UNIV. INCOMPLETA,SUP. UNIV. COMPLETA,SI,DEPENDIENTE,SI,DEPENDIENTE,SI,PROPIA,SUS PADRES
321,CASA INDEPENDIENTE,PROPIA,SI,SI,SOLO MADRE,SECUNDARIA,SUP. UNIV. COMPLETA,SI,INDEPENDIENTE,SI,DEPENDIENTE,SI,CABINAS DE INTERNET,SUS PADRES
322,CASA INDEPENDIENTE,PROPIA,SI,SI,PADRES Y HERMANOS,SUP. UNIV. COMPLETA,ESTUDIOS TECNICOS NO UNIVERSITARIOS,SI,DEPENDIENTE,SI,DEPENDIENTE,SI,PROPIA,SUS PADRES
323,CASA INDEPENDIENTE,PROPIA,SI,SI,PADRES Y HERMANOS,SECUNDARIA,SECUNDARIA,SI,NaN,SI,NaN,SI,NaN,SUS PADRES
324,CASA INDEPENDIENTE,PROPIA,SI,SI,PADRES Y HERMANOS,SUP. UNIV. COMPLETA,SUP. UNIV. COMPLETA,SI,DEPENDIENTE,SI,DEPENDIENTE,SI,CABINAS DE INTERNET,SUS PADRES
325,CASA INDEPENDIENTE,PROPIA,SI,SI,PADRES Y HERMANOS,SUP. UNIV. COMPLETA,SUP. UNIV. COMPLETA,SI,DEPENDIENTE,SI,INDEPENDIENTE,SI,PROPIA,SUS PADRES
326,CASA INDEPENDIENTE,PROPIA,SI,SI,PADRES Y HERMANOS,ESTUDIOS TECNICOS NO UNIVERSITARIOS,ESTUDIOS TECNICOS NO UNIVERSITARIOS,SI,INDEPENDIENTE,SI,DEPENDIENTE,NO,NaN,SUS PADRES
327,CASA INDEPENDIENTE,PROPIA,SI,SI,PADRES Y HERMANOS,SUP. UNIV. COMPLETA,SUP. UNIV. COMPLETA,SI,INDEPENDIENTE,SI,DEPENDIENTE,SI,PROPIA,SUS PADRES
328,CASA INDEPENDIENTE,PROPIA,SI,SI,PADRES Y HERMANOS,SUP. UNIV. COMPLETA,SUP. UNIV. INCOMPLETA,SI,DEPENDIENTE,NO,NaN,SI,PROPIA,SUS PADRES
329,CASA INDEPENDIENTE,ALQUILADA,SI,SI,PADRES Y HERMANOS,SECUNDARIA,SUP. UNIV. INCOMPLETA,SI,DEPENDIENTE,SI,DEPENDIENTE,SI,PROPIA,SUS PADRES
330,CASA INDEPENDIENTE,PROPIA,SI,SI,PADRES Y HERMANOS,OTROS ESTUDIOS,SUP. UNIV. COMPLETA,SI,DEPENDIENTE,SI,DEPENDIENTE,SI,PROPIA,SUS PADRES
331,CASA INDEPENDIENTE,PROPIA,SI,SI,PADRES Y HERMANOS,SECUNDARIA,SECUNDARIA,SI,INDEPENDIENTE,SI,INDEPENDIENTE,SI,PROPIA,SUS PADRES
332,OTRO,PROPIA,SI,SI,PADRES Y HERMANOS,ESTUDIOS TECNICOS NO UNIVERSITARIOS,SECUNDARIA,SI,INDEPENDIENTE,NO,NaN,SI,PROPIA,SUS PADRES
333,OTRO,OTRO,SI,SI,PADRES Y HERMANOS,ESTUDIOS TECNICOS NO UNIVERSITARIOS,ESTUDIOS TECNICOS NO UNIVERSITARIOS,SI,INDEPENDIENTE,SI,INDEPENDIENTE,SI,OTRAS,SUS PADRES
334,CASA INDEPENDIENTE,PROPIA,SI,SI,PADRES Y HERMANOS,SUP. UNIV. COMPLETA,ESTUDIOS TECNICOS NO UNIVERSITARIOS,SI,DEPENDIENTE,SI,INDEPENDIENTE,SI,PROPIA,SUS PADRES
335,OTRO,ALQUILADA,SI,SI,PADRES Y HERMANOS,OTROS ESTUDIOS,OTROS ESTUDIOS,SI,INDEPENDIENTE,SI,INDEPENDIENTE,SI,PROPIA,SUS PADRES
336,CASA INDEPENDIENTE,PROPIA,SI,NO,PADRES Y HERMANOS,ESTUDIOS TECNICOS NO UNIVERSITARIOS,NaN,SI,INDEPENDIENTE,NaN,NaN,SI,CABINAS DE INTERNET,SUS PADRES
337,CASA INDEPENDIENTE,PROPIA,SI,SI,PADRES Y HERMANOS,ESTUDIOS TECNICOS NO UNIVERSITARIOS,ESTUDIOS TECNICOS NO UNIVERSITARIOS,SI,INDEPENDIENTE,SI,INDEPENDIENTE,SI,CABINAS DE INTERNET,SUS PADRES
338,OTRO,OTRO,SI,SI,PADRES Y HERMANOS,SUP. UNIV. INCOMPLETA,ESTUDIOS TECNICOS NO UNIVERSITARIOS,SI,DEPENDIENTE,SI,INDEPENDIENTE,SI,PROPIA,SUS PADRES
339,CASA INDEPENDIENTE,PROPIA,SI,SI,PADRES Y HERMANOS,SUP. UNIV. COMPLETA,SUP. UNIV. COMPLETA,SI,DEPENDIENTE,SI,DEPENDIENTE,SI,PROPIA,SUS PADRES
340,CASA INDEPENDIENTE,PROPIA,NO,SI,PADRES Y HERMANOS,NaN,ESTUDIOS TECNICOS NO UNIVERSITARIOS,NaN,NaN,SI,INDEPENDIENTE,SI,PROPIA,SUS PADRES
341,CASA INDEPENDIENTE,PROPIA,SI,SI,PADRES Y HERMANOS,SUP. UNIV. COMPLETA,OTROS ESTUDIOS,SI,DEPENDIENTE,SI,DEPENDIENTE,SI,PROPIA,SUS PADRES
342,CASA INDEPENDIENTE,PROPIA,SI,SI,PADRES Y HERMANOS,SUP. UNIV. COMPLETA,ESTUDIOS TECNICOS NO UNIVERSITARIOS,SI,INDEPENDIENTE,SI,DEPENDIENTE,SI,PROPIA,SUS PADRES
343,CASA INDEPENDIENTE,PROPIA,SI,SI,PADRES Y HERMANOS,SUP. UNIV. COMPLETA,SUP. UNIV. COMPLETA,SI,DEPENDIENTE,SI,DEPENDIENTE,SI,PROPIA,SUS PADRES
344,CASA INDEPENDIENTE,PROPIA,SI,SI,PADRES Y HERMANOS,SUP. UNIV. COMPLETA,SUP. UNIV. COMPLETA,SI,DEPENDIENTE,SI,DEPENDIENTE,SI,PROPIA,SUS PADRES
345,CASA INDEPENDIENTE,OTRO,SI,SI,PADRES Y HERMANOS,SUP. UNIV. INCOMPLETA,ESTUDIOS TECNICOS NO UNIVERSITARIOS,SI,INDEPENDIENTE,SI,DEPENDIENTE,SI,PROPIA,POR SU CUENTA
346,OTRO,PROPIA,SI,SI,PADRES Y HERMANOS,SUP. UNIV. COMPLETA,SUP. UNIV. COMPLETA,SI,DEPENDIENTE,NO,NaN,SI,CABINAS DE INTERNET,SUS PADRES
347,CASA INDEPENDIENTE,PROPIA,SI,SI,PADRES Y HERMANOS,SUP. UNIV. COMPLETA,SUP. UNIV. COMPLETA,SI,INDEPENDIENTE,SI,DEPENDIENTE,SI,PROPIA,SUS PADRES
348,CASA INDEPENDIENTE,PROPIA,SI,SI,PADRES Y HERMANOS,OTROS ESTUDIOS,SUP. UNIV. COMPLETA,SI,INDEPENDIENTE,SI,DEPENDIENTE,SI,PROPIA,SUS PADRES
349,CASA INDEPENDIENTE,PROPIA,SI,SI,PADRES Y HERMANOS,SUP. UNIV. INCOMPLETA,ESTUDIOS TECNICOS NO UNIVERSITARIOS,SI,DEPENDIENTE,SI,INDEPENDIENTE,SI,PROPIA,SUS PADRES
350,OTRO,ALQUILADA,SI,SI,PADRES Y HERMANOS,SUP. UNIV. COMPLETA,ESTUDIOS TECNICOS NO UNIVERSITARIOS,SI,DEPENDIENTE,SI,INDEPENDIENTE,SI,PROPIA,SUS PADRES
351,CASA INDEPENDIENTE,PROPIA,SI,SI,PADRES Y HERMANOS,ESTUDIOS TECNICOS NO UNIVERSITARIOS,SUP. UNIV. INCOMPLETA,SI,INDEPENDIENTE,SI,DEPENDIENTE,SI,PROPIA,POR SU CUENTA
352,OTRO,PROPIA,SI,SI,PADRES Y HERMANOS,ESTUDIOS TECNICOS NO UNIVERSITARIOS,ESTUDIOS TECNICOS NO UNIVERSITARIOS,SI,INDEPENDIENTE,SI,INDEPENDIENTE,SI,PROPIA,SUS PADRES
353,CASA INDEPENDIENTE,PROPIA,NO,SI,PADRES Y HERMANOS,NaN,SECUNDARIA,NaN,NaN,SI,INDEPENDIENTE,SI,PROPIA,SUS PADRES
354,CASA INDEPENDIENTE,PROPIA,SI,SI,PADRES Y HERMANOS,SUP. UNIV. COMPLETA,SUP. UNIV. COMPLETA,SI,INDEPENDIENTE,SI,INDEPENDIENTE,SI,PROPIA,SUS PADRES
355,CASA INDEPENDIENTE,PROPIA,SI,SI,PADRES Y HERMANOS,SUP. UNIV. COMPLETA,SUP. UNIV. COMPLETA,SI,DEPENDIENTE,SI,DEPENDIENTE,SI,CABINAS DE INTERNET,SUS PADRES
356,OTRO,ALQUILADA,SI,SI,PADRES Y HERMANOS,SUP. UNIV. INCOMPLETA,SUP. UNIV. INCOMPLETA,SI,INDEPENDIENTE,SI,INDEPENDIENTE,SI,CABINAS DE INTERNET,SUS PADRES
357,CASA INDEPENDIENTE,PROPIA,SI,SI,PADRES Y HERMANOS,OTROS ESTUDIOS,OTROS ESTUDIOS,SI,DEPENDIENTE,SI,DEPENDIENTE,SI,PROPIA,SUS PADRES
358,CASA INDEPENDIENTE,PROPIA,SI,SI,PADRES Y HERMANOS,SUP. UNIV. COMPLETA,SUP. UNIV. COMPLETA,SI,INDEPENDIENTE,SI,DEPENDIENTE,SI,PROPIA,SUS PADRES
359,CASA INDEPENDIENTE,PROPIA,NO,SI,PADRES Y HERMANOS,NaN,SECUNDARIA,NaN,NaN,SI,INDEPENDIENTE,SI,PROPIA,SUS PADRES
360,CASA INDEPENDIENTE,ALQUILADA,SI,SI,PADRES Y HERMANOS,SUP. UNIV. COMPLETA,SUP. UNIV. COMPLETA,SI,DEPENDIENTE,NO,NaN,SI,PROPIA,SUS PADRES
361,OTRO,ALQUILADA,SI,SI,OTROS PARIENTES,SUP. UNIV. COMPLETA,OTROS ESTUDIOS,SI,INDEPENDIENTE,NO,NaN,SI,CABINAS DE INTERNET,SUS PADRES
362,OTRO,PROPIA,SI,SI,PADRES Y HERMANOS,SUP. UNIV. COMPLETA,SUP. UNIV. INCOMPLETA,SI,INDEPENDIENTE,SI,DEPENDIENTE,SI,PROPIA,SUS PADRES
363,CASA INDEPENDIENTE,PROPIA,SI,SI,PADRES Y HERMANOS,SUP. UNIV. COMPLETA,SUP. UNIV. COMPLETA,SI,DEPENDIENTE,SI,DEPENDIENTE,SI,PROPIA,SUS PADRES
364,CASA INDEPENDIENTE,PROPIA,SI,SI,PADRES Y HERMANOS,OTROS ESTUDIOS,OTROS ESTUDIOS,SI,DEPENDIENTE,SI,INDEPENDIENTE,SI,PROPIA,SUS PADRES
365,OTRO,ALQUILADA,NO,SI,SOLO MADRE,NaN,ESTUDIOS TECNICOS NO UNIVERSITARIOS,NaN,NaN,SI,INDEPENDIENTE,SI,PROPIA,OTROS
366,CASA INDEPENDIENTE,PROPIA,SI,SI,OTROS PARIENTES,SUP. UNIV. COMPLETA,SUP. UNIV. COMPLETA,SI,DEPENDIENTE,SI,DEPENDIENTE,SI,PROPIA,SUS PADRES
367,CASA INDEPENDIENTE,OTRO,SI,SI,PADRES Y HERMANOS,ESTUDIOS TECNICOS NO UNIVERSITARIOS,ESTUDIOS TECNICOS NO UNIVERSITARIOS,SI,INDEPENDIENTE,SI,INDEPENDIENTE,SI,PROPIA,SUS PADRES
368,CASA INDEPENDIENTE,PROPIA,SI,SI,PADRES Y HERMANOS,SECUNDARIA,SECUNDARIA,SI,INDEPENDIENTE,SI,INDEPENDIENTE,SI,PROPIA,SUS PADRES
369,OTRO,PROPIA,SI,SI,PADRES Y HERMANOS,SUP. UNIV. COMPLETA,SUP. UNIV. COMPLETA,SI,DEPENDIENTE,SI,DEPENDIENTE,SI,PROPIA,SUS PADRES
370,OTRO,ALQUILADA,SI,SI,PADRES Y HERMANOS,ESTUDIOS TECNICOS NO UNIVERSITARIOS,SECUNDARIA,SI,INDEPENDIENTE,SI,INDEPENDIENTE,SI,OTRAS,SUS PADRES
371,CASA INDEPENDIENTE,PROPIA,NO,NO,SOLO HERMANOS,NaN,NaN,NaN,NaN,NaN,NaN,SI,PROPIA,SUS PADRES
372,CASA INDEPENDIENTE,PROPIA,SI,SI,OTROS PARIENTES,SUP. UNIV. COMPLETA,SUP. UNIV. INCOMPLETA,SI,INDEPENDIENTE,SI,DEPENDIENTE,SI,PROPIA,SUS PADRES
373,OTRO,OTRO,SI,SI,PADRES Y HERMANOS,SECUNDARIA,SUP. UNIV. INCOMPLETA,NO,NaN,SI,DEPENDIENTE,SI,CABINAS DE INTERNET,SUS PADRES
374,CASA INDEPENDIENTE,PROPIA,SI,SI,PADRES Y HERMANOS,SUP. UNIV. COMPLETA,SUP. UNIV. INCOMPLETA,SI,INDEPENDIENTE,SI,DEPENDIENTE,SI,PROPIA,SUS PADRES
375,CASA INDEPENDIENTE,PROPIA,SI,SI,PADRES Y HERMANOS,OTROS ESTUDIOS,SUP. UNIV. COMPLETA,SI,INDEPENDIENTE,SI,INDEPENDIENTE,SI,PROPIA,SUS PADRES
376,CASA INDEPENDIENTE,PROPIA,SI,SI,SOLO MADRE,SUP. UNIV. COMPLETA,SUP. UNIV. COMPLETA,SI,INDEPENDIENTE,SI,DEPENDIENTE,SI,PROPIA,SUS PADRES
377,CASA INDEPENDIENTE,PROPIA,NO,SI,PADRES Y HERMANOS,NaN,SUP. UNIV. INCOMPLETA,NaN,NaN,SI,DEPENDIENTE,SI,PROPIA,SUS PADRES
378,CASA INDEPENDIENTE,PROPIA,SI,SI,PADRES Y HERMANOS,OTROS ESTUDIOS,SUP. UNIV. COMPLETA,SI,DEPENDIENTE,SI,DEPENDIENTE,SI,PROPIA,SUS PADRES
379,CASA INDEPENDIENTE,PROPIA,SI,SI,PADRES Y HERMANOS,SUP. UNIV. COMPLETA,SUP. UNIV. COMPLETA,SI,DEPENDIENTE,SI,INDEPENDIENTE,SI,PROPIA,SUS PADRES
380,CASA INDEPENDIENTE,PROPIA,SI,SI,PADRES Y HERMANOS,SECUNDARIA,ESTUDIOS TECNICOS NO UNIVERSITARIOS,SI,INDEPENDIENTE,NO,NaN,SI,PROPIA,SUS PADRES
381,CASA INDEPENDIENTE,PROPIA,SI,SI,PADRES Y HERMANOS,SUP. UNIV. COMPLETA,SECUNDARIA,SI,DEPENDIENTE,SI,INDEPENDIENTE,SI,PROPIA,SUS PADRES
382,CASA INDEPENDIENTE,PROPIA,SI,SI,PADRES Y HERMANOS,SECUNDARIA,OTROS ESTUDIOS,SI,INDEPENDIENTE,NO,NaN,SI,PROPIA,SUS PADRES
383,CASA INDEPENDIENTE,PROPIA,SI,SI,PADRES Y HERMANOS,SECUNDARIA,SECUNDARIA,SI,INDEPENDIENTE,SI,INDEPENDIENTE,SI,PROPIA,SUS PADRES
384,CASA INDEPENDIENTE,PROPIA,SI,SI,OTROS PARIENTES,SECUNDARIA,SECUNDARIA,SI,DEPENDIENTE,SI,DEPENDIENTE,SI,PROPIA,SUS PADRES
385,CASA INDEPENDIENTE,PROPIA,SI,SI,PADRES Y HERMANOS,ESTUDIOS TECNICOS NO UNIVERSITARIOS,SUP. UNIV. COMPLETA,SI,DEPENDIENTE,SI,DEPENDIENTE,SI,PROPIA,SUS PADRES
386,CASA INDEPENDIENTE,OTRO,SI,SI,PADRES Y HERMANOS,SECUNDARIA,SECUNDARIA,SI,INDEPENDIENTE,SI,INDEPENDIENTE,SI,PROPIA,POR SU CUENTA
387,CASA INDEPENDIENTE,PROPIA,SI,SI,PADRES Y HERMANOS,SUP. UNIV. INCOMPLETA,SECUNDARIA,SI,INDEPENDIENTE,SI,INDEPENDIENTE,SI,CABINAS DE INTERNET,SUS PADRES
388,CASA INDEPENDIENTE,PROPIA,SI,SI,PADRES Y HERMANOS,SUP. UNIV. COMPLETA,SUP. UNIV. COMPLETA,SI,DEPENDIENTE,SI,DEPENDIENTE,SI,PROPIA,SUS PADRES
389,CASA INDEPENDIENTE,ALQUILADA,SI,SI,SOLO(A),SECUNDARIA,SUP. UNIV. COMPLETA,SI,DEPENDIENTE,SI,DEPENDIENTE,SI,CABINAS DE INTERNET,SUS PADRES
390,CASA INDEPENDIENTE,PROPIA,SI,SI,PADRES Y HERMANOS,SECUNDARIA,SECUNDARIA,SI,INDEPENDIENTE,SI,INDEPENDIENTE,SI,PROPIA,POR SU CUENTA
391,CASA INDEPENDIENTE,PROPIA,SI,SI,PADRES Y HERMANOS,SECUNDARIA,SECUNDARIA,SI,NaN,SI,NaN,NO,NaN,SUS PADRES
392,CASA INDEPENDIENTE,PROPIA,SI,SI,PADRES Y HERMANOS,SUP. UNIV. COMPLETA,ESTUDIOS TECNICOS NO UNIVERSITARIOS,SI,DEPENDIENTE,SI,DEPENDIENTE,SI,PROPIA,SUS PADRES
393,OTRO,ALQUILADA,SI,SI,PADRES Y HERMANOS,ESTUDIOS TECNICOS NO UNIVERSITARIOS,ESTUDIOS TECNICOS NO UNIVERSITARIOS,SI,INDEPENDIENTE,NO,NaN,SI,NaN,POR SU CUENTA
394,CASA INDEPENDIENTE,PROPIA,SI,SI,PADRES Y HERMANOS,NaN,NaN,NaN,NaN,NaN,NaN,SI,NaN,SUS PADRES
395,CASA INDEPENDIENTE,PROPIA,SI,SI,PADRES Y HERMANOS,OTROS ESTUDIOS,ESTUDIOS TECNICOS NO UNIVERSITARIOS,SI,DEPENDIENTE,SI,DEPENDIENTE,SI,PROPIA,SUS PADRES
396,CASA INDEPENDIENTE,PROPIA,SI,SI,PADRES Y HERMANOS,SECUNDARIA,SECUNDARIA,SI,DEPENDIENTE,SI,DEPENDIENTE,SI,PROPIA,SUS PADRES
397,CASA INDEPENDIENTE,ALQUILADA,SI,SI,PADRES Y HERMANOS,ESTUDIOS TECNICOS NO UNIVERSITARIOS,SUP. UNIV. COMPLETA,SI,DEPENDIENTE,NO,NaN,SI,CABINAS DE INTERNET,POR SU CUENTA
398,CASA INDEPENDIENTE,ALQUILADA,NO,SI,SOLO HERMANOS,NaN,SECUNDARIA,NaN,NaN,SI,INDEPENDIENTE,SI,PROPIA,OTROS
399,OTRO,ALQUILADA,SI,SI,OTROS PARIENTES,OTROS ESTUDIOS,OTROS ESTUDIOS,SI,DEPENDIENTE,NO,NaN,SI,CABINAS DE INTERNET,POR SU CUENTA
400,OTRO,OTRO,SI,SI,OTROS PARIENTES,OTROS ESTUDIOS,OTROS ESTUDIOS,SI,INDEPENDIENTE,SI,INDEPENDIENTE,SI,CABINAS DE INTERNET,SUS PADRES
401,CASA INDEPENDIENTE,PROPIA,SI,SI,PADRES Y HERMANOS,SUP. UNIV. COMPLETA,SUP. UNIV. COMPLETA,SI,DEPENDIENTE,SI,DEPENDIENTE,SI,PROPIA,SUS PADRES
402,CASA INDEPENDIENTE,PROPIA,SI,SI,PADRES Y HERMANOS,ESTUDIOS TECNICOS NO UNIVERSITARIOS,OTROS ESTUDIOS,SI,DEPENDIENTE,NO,NaN,SI,CABINAS DE INTERNET,POR SU CUENTA
403,CASA INDEPENDIENTE,PROPIA,SI,SI,PADRES Y HERMANOS,ESTUDIOS TECNICOS NO UNIVERSITARIOS,SECUNDARIA,SI,INDEPENDIENTE,SI,INDEPENDIENTE,SI,PROPIA,SUS PADRES
404,CASA INDEPENDIENTE,PROPIA,SI,SI,PADRES Y HERMANOS,ESTUDIOS TECNICOS NO UNIVERSITARIOS,SECUNDARIA,SI,DEPENDIENTE,SI,DEPENDIENTE,SI,PROPIA,SUS PADRES
405,OTRO,ALQUILADA,SI,NO,OTROS PARIENTES,ESTUDIOS TECNICOS NO UNIVERSITARIOS,NaN,SI,INDEPENDIENTE,NaN,NaN,SI,OTRAS,OTROS
406,OTRO,ALQUILADA,SI,SI,SOLO(A),ESTUDIOS TECNICOS NO UNIVERSITARIOS,ESTUDIOS TECNICOS NO UNIVERSITARIOS,SI,DEPENDIENTE,SI,DEPENDIENTE,SI,CABINAS DE INTERNET,POR SU CUENTA
407,OTRO,PROPIA,SI,SI,PADRES Y HERMANOS,SECUNDARIA,OTROS ESTUDIOS,SI,INDEPENDIENTE,SI,INDEPENDIENTE,SI,CABINAS DE INTERNET,OTROS
408,CASA INDEPENDIENTE,PROPIA,SI,SI,PADRES Y HERMANOS,OTROS ESTUDIOS,OTROS ESTUDIOS,SI,INDEPENDIENTE,SI,INDEPENDIENTE,SI,CABINAS DE INTERNET,SUS PADRES
409,CASA INDEPENDIENTE,PROPIA,SI,SI,SOLO MADRE,ESTUDIOS TECNICOS NO UNIVERSITARIOS,SUP. UNIV. COMPLETA,NO,NaN,SI,DEPENDIENTE,SI,PROPIA,SUS PADRES
410,CASA INDEPENDIENTE,PROPIA,SI,SI,PADRES Y HERMANOS,SUP. UNIV. COMPLETA,SECUNDARIA,SI,DEPENDIENTE,SI,INDEPENDIENTE,SI,PROPIA,SUS PADRES
411,CASA INDEPENDIENTE,PROPIA,SI,SI,PADRES Y HERMANOS,SUP. UNIV. COMPLETA,SUP. UNIV. INCOMPLETA,SI,DEPENDIENTE,NO,NaN,SI,CABINAS DE INTERNET,SUS PADRES
412,OTRO,ALQUILADA,SI,SI,SOLO(A),SECUNDARIA,SECUNDARIA,SI,DEPENDIENTE,NO,NaN,SI,CABINAS DE INTERNET,POR SU CUENTA
413,OTRO,ALQUILADA,SI,SI,SOLO(A),ESTUDIOS TECNICOS NO UNIVERSITARIOS,SECUNDARIA,SI,INDEPENDIENTE,NO,NaN,SI,PROPIA,POR SU CUENTA
414,OTRO,ALQUILADA,SI,SI,SOLO(A),SECUNDARIA,OTROS ESTUDIOS,SI,INDEPENDIENTE,SI,INDEPENDIENTE,NO,NaN,POR SU CUENTA
415,CASA INDEPENDIENTE,PROPIA,SI,SI,PADRES Y HERMANOS,SECUNDARIA,SECUNDARIA,SI,DEPENDIENTE,SI,INDEPENDIENTE,SI,PROPIA,SUS PADRES
416,CASA INDEPENDIENTE,PROPIA,SI,SI,PADRES Y HERMANOS,SECUNDARIA,SECUNDARIA,SI,INDEPENDIENTE,SI,INDEPENDIENTE,SI,PROPIA,SUS PADRES
417,CASA INDEPENDIENTE,PROPIA,NO,SI,SOLO MADRE,NaN,SECUNDARIA,NaN,NaN,SI,DEPENDIENTE,SI,PROPIA,SUS PADRES
418,CASA INDEPENDIENTE,PROPIA,SI,SI,PADRES Y HERMANOS,ESTUDIOS TECNICOS NO UNIVERSITARIOS,ESTUDIOS TECNICOS NO UNIVERSITARIOS,SI,DEPENDIENTE,SI,INDEPENDIENTE,SI,CABINAS DE INTERNET,SUS PADRES
419,CASA INDEPENDIENTE,PROPIA,SI,SI,PADRES Y HERMANOS,SECUNDARIA,SECUNDARIA,SI,DEPENDIENTE,SI,DEPENDIENTE,SI,PROPIA,SUS PADRES
420,CASA INDEPENDIENTE,PROPIA,SI,SI,PADRES Y HERMANOS,SECUNDARIA,SECUNDARIA,SI,INDEPENDIENTE,SI,DEPENDIENTE,SI,PROPIA,SUS PADRES
421,CASA INDEPENDIENTE,PROPIA,SI,SI,PADRES Y HERMANOS,SUP. UNIV. COMPLETA,ESTUDIOS TECNICOS NO UNIVERSITARIOS,SI,DEPENDIENTE,SI,INDEPENDIENTE,SI,PROPIA,SUS PADRES
422,CASA INDEPENDIENTE,PROPIA,SI,SI,PADRES Y HERMANOS,SUP. UNIV. COMPLETA,SECUNDARIA,SI,DEPENDIENTE,SI,DEPENDIENTE,SI,PROPIA,SUS PADRES
423,CASA INDEPENDIENTE,PROPIA,SI,SI,PADRES Y HERMANOS,SUP. UNIV. COMPLETA,SUP. UNIV. COMPLETA,SI,DEPENDIENTE,SI,DEPENDIENTE,SI,PROPIA,SUS PADRES
424,CASA INDEPENDIENTE,PROPIA,SI,SI,PADRES Y HERMANOS,SUP. UNIV. INCOMPLETA,ESTUDIOS TECNICOS NO UNIVERSITARIOS,SI,INDEPENDIENTE,NO,NaN,SI,PROPIA,SUS PADRES
425,CASA INDEPENDIENTE,PROPIA,SI,SI,PADRES Y HERMANOS,SUP. UNIV. COMPLETA,SECUNDARIA,SI,DEPENDIENTE,SI,INDEPENDIENTE,SI,PROPIA,SUS PADRES
426,CASA INDEPENDIENTE,PROPIA,SI,SI,PADRES Y HERMANOS,SUP. UNIV. INCOMPLETA,ESTUDIOS TECNICOS NO UNIVERSITARIOS,SI,DEPENDIENTE,SI,DEPENDIENTE,SI,CABINAS DE INTERNET,SUS PADRES
427,CASA INDEPENDIENTE,PROPIA,SI,SI,PADRES Y HERMANOS,SUP. UNIV. COMPLETA,SUP. UNIV. COMPLETA,SI,INDEPENDIENTE,SI,DEPENDIENTE,SI,PROPIA,SUS PADRES
428,CASA INDEPENDIENTE,PROPIA,SI,SI,PADRES Y HERMANOS,ESTUDIOS TECNICOS NO UNIVERSITARIOS,ESTUDIOS TECNICOS NO UNIVERSITARIOS,SI,DEPENDIENTE,SI,DEPENDIENTE,SI,CABINAS DE INTERNET,SUS PADRES
429,CASA INDEPENDIENTE,PROPIA,SI,SI,PADRES Y HERMANOS,ESTUDIOS TECNICOS NO UNIVERSITARIOS,OTROS ESTUDIOS,SI,DEPENDIENTE,SI,INDEPENDIENTE,SI,PROPIA,SUS PADRES
430,OTRO,PROPIA,SI,SI,PADRES Y HERMANOS,SUP. UNIV. COMPLETA,SUP. UNIV. COMPLETA,SI,INDEPENDIENTE,SI,INDEPENDIENTE,SI,PROPIA,SUS PADRES
431,CASA INDEPENDIENTE,PROPIA,SI,SI,OTROS PARIENTES,SUP. UNIV. COMPLETA,ESTUDIOS TECNICOS NO UNIVERSITARIOS,SI,INDEPENDIENTE,SI,INDEPENDIENTE,SI,PROPIA,SUS PADRES
432,CASA INDEPENDIENTE,PROPIA,SI,SI,PADRES Y HERMANOS,SUP. UNIV. COMPLETA,ESTUDIOS TECNICOS NO UNIVERSITARIOS,SI,DEPENDIENTE,SI,DEPENDIENTE,SI,PROPIA,SUS PADRES
433,CASA INDEPENDIENTE,PROPIA,SI,SI,PADRES Y HERMANOS,SUP. UNIV. INCOMPLETA,ESTUDIOS TECNICOS NO UNIVERSITARIOS,SI,DEPENDIENTE,SI,INDEPENDIENTE,SI,PROPIA,POR SU CUENTA
434,CASA INDEPENDIENTE,ALQUILADA,SI,SI,PADRES Y HERMANOS,SUP. UNIV. INCOMPLETA,SUP. UNIV. COMPLETA,SI,DEPENDIENTE,SI,INDEPENDIENTE,SI,PROPIA,SUS PADRES
435,CASA INDEPENDIENTE,PROPIA,SI,SI,PADRES Y HERMANOS,SUP. UNIV. INCOMPLETA,SECUNDARIA,SI,DEPENDIENTE,SI,INDEPENDIENTE,SI,CABINAS DE INTERNET,SUS PADRES
436,OTRO,ALQUILADA,SI,SI,OTROS PARIENTES,SUP. UNIV. INCOMPLETA,SECUNDARIA,SI,INDEPENDIENTE,SI,INDEPENDIENTE,SI,PROPIA,OTROS
437,CASA INDEPENDIENTE,PROPIA,SI,SI,PADRES Y HERMANOS,SECUNDARIA,SECUNDARIA,SI,INDEPENDIENTE,SI,INDEPENDIENTE,SI,CABINAS DE INTERNET,SUS PADRES
438,OTRO,PROPIA,SI,SI,PADRES Y HERMANOS,SECUNDARIA,SECUNDARIA,SI,DEPENDIENTE,SI,DEPENDIENTE,SI,CABINAS DE INTERNET,SUS PADRES
439,CASA INDEPENDIENTE,PROPIA,SI,SI,PADRES Y HERMANOS,SUP. UNIV. COMPLETA,SUP. UNIV. COMPLETA,SI,DEPENDIENTE,SI,DEPENDIENTE,SI,PROPIA,SUS PADRES
440,CASA INDEPENDIENTE,PROPIA,SI,SI,PADRES Y HERMANOS,ESTUDIOS TECNICOS NO UNIVERSITARIOS,SECUNDARIA,SI,DEPENDIENTE,SI,INDEPENDIENTE,SI,PROPIA,SUS PADRES
441,CASA INDEPENDIENTE,PROPIA,SI,SI,SOLO MADRE,ESTUDIOS TECNICOS NO UNIVERSITARIOS,ESTUDIOS TECNICOS NO UNIVERSITARIOS,SI,DEPENDIENTE,SI,DEPENDIENTE,SI,PROPIA,SUS PADRES
442,CASA INDEPENDIENTE,PROPIA,SI,SI,PADRES Y HERMANOS,ESTUDIOS TECNICOS NO UNIVERSITARIOS,SECUNDARIA,SI,INDEPENDIENTE,SI,INDEPENDIENTE,SI,PROPIA,SUS PADRES
443,OTRO,ALQUILADA,SI,SI,PADRES Y HERMANOS,OTROS ESTUDIOS,OTROS ESTUDIOS,SI,INDEPENDIENTE,NO,NaN,SI,CABINAS DE INTERNET,POR SU CUENTA
444,CASA INDEPENDIENTE,ALQUILADA,SI,SI,PADRES Y HERMANOS,OTROS ESTUDIOS,OTROS ESTUDIOS,SI,INDEPENDIENTE,NO,NaN,SI,PROPIA,SUS PADRES
445,CASA INDEPENDIENTE,OTRO,SI,SI,PADRES Y HERMANOS,SECUNDARIA,SECUNDARIA,SI,DEPENDIENTE,SI,INDEPENDIENTE,SI,PROPIA,SUS PADRES
446,CASA INDEPENDIENTE,PROPIA,SI,SI,PADRES Y HERMANOS,SECUNDARIA,SECUNDARIA,SI,INDEPENDIENTE,SI,INDEPENDIENTE,SI,CABINAS DE INTERNET,SUS PADRES
447,CASA INDEPENDIENTE,PROPIA,SI,SI,PADRES Y HERMANOS,SUP. UNIV. INCOMPLETA,SUP. UNIV. INCOMPLETA,SI,INDEPENDIENTE,SI,INDEPENDIENTE,SI,OTRAS,POR SU CUENTA
448,CASA INDEPENDIENTE,PROPIA,SI,SI,PADRES Y HERMANOS,OTROS ESTUDIOS,OTROS ESTUDIOS,SI,INDEPENDIENTE,SI,INDEPENDIENTE,SI,CABINAS DE INTERNET,SUS PADRES
449,OTRO,ALQUILADA,SI,SI,PADRES Y HERMANOS,ESTUDIOS TECNICOS NO UNIVERSITARIOS,ESTUDIOS TECNICOS NO UNIVERSITARIOS,SI,DEPENDIENTE,SI,INDEPENDIENTE,SI,OTRAS,SUS PADRES
450,CASA INDEPENDIENTE,PROPIA,SI,SI,PADRES Y HERMANOS,ESTUDIOS TECNICOS NO UNIVERSITARIOS,SECUNDARIA,SI,DEPENDIENTE,SI,INDEPENDIENTE,NO,NaN,SUS PADRES
451,CASA INDEPENDIENTE,PROPIA,SI,SI,PADRES Y HERMANOS,OTROS ESTUDIOS,OTROS ESTUDIOS,SI,INDEPENDIENTE,SI,INDEPENDIENTE,SI,CABINAS DE INTERNET,SUS PADRES
452,OTRO,PROPIA,SI,SI,PADRES Y HERMANOS,SUP. UNIV. COMPLETA,ESTUDIOS TECNICOS NO UNIVERSITARIOS,SI,INDEPENDIENTE,SI,INDEPENDIENTE,SI,PROPIA,SUS PADRES
453,CASA INDEPENDIENTE,PROPIA,NO,NO,SOLO HERMANOS,NaN,NaN,NaN,NaN,NaN,NaN,SI,PROPIA,POR SU CUENTA
454,CASA INDEPENDIENTE,PROPIA,SI,SI,PADRES Y HERMANOS,SUP. UNIV. COMPLETA,SUP. UNIV. COMPLETA,SI,DEPENDIENTE,SI,DEPENDIENTE,SI,PROPIA,SUS PADRES
455,CASA INDEPENDIENTE,PROPIA,SI,SI,PADRES Y HERMANOS,SUP. UNIV. INCOMPLETA,SUP. UNIV. COMPLETA,SI,INDEPENDIENTE,SI,DEPENDIENTE,SI,CABINAS DE INTERNET,SUS PADRES
456,OTRO,PROPIA,SI,SI,SOLO MADRE,ESTUDIOS TECNICOS NO UNIVERSITARIOS,OTROS ESTUDIOS,NO,NaN,SI,INDEPENDIENTE,SI,PROPIA,POR SU CUENTA
457,CASA INDEPENDIENTE,PROPIA,SI,SI,PADRES Y HERMANOS,ESTUDIOS TECNICOS NO UNIVERSITARIOS,ESTUDIOS TECNICOS NO UNIVERSITARIOS,SI,DEPENDIENTE,SI,INDEPENDIENTE,SI,PROPIA,SUS PADRES
458,CASA INDEPENDIENTE,PROPIA,SI,SI,PADRES Y HERMANOS,ESTUDIOS TECNICOS NO UNIVERSITARIOS,ESTUDIOS TECNICOS NO UNIVERSITARIOS,SI,DEPENDIENTE,SI,INDEPENDIENTE,SI,PROPIA,SUS PADRES
459,CASA INDEPENDIENTE,PROPIA,SI,SI,PADRES Y HERMANOS,ESTUDIOS TECNICOS NO UNIVERSITARIOS,ESTUDIOS TECNICOS NO UNIVERSITARIOS,SI,DEPENDIENTE,NO,NaN,NO,NaN,SUS PADRES
460,OTRO,OTRO,SI,SI,SOLO HERMANOS,ESTUDIOS TECNICOS NO UNIVERSITARIOS,SECUNDARIA,SI,DEPENDIENTE,NO,NaN,SI,CABINAS DE INTERNET,SUS PADRES
461,CASA INDEPENDIENTE,PROPIA,SI,SI,PADRES Y HERMANOS,SUP. UNIV. COMPLETA,SUP. UNIV. COMPLETA,SI,DEPENDIENTE,SI,DEPENDIENTE,SI,CABINAS DE INTERNET,SUS PADRES
462,CASA INDEPENDIENTE,PROPIA,SI,SI,SOLO HERMANOS,SUP. UNIV. INCOMPLETA,SUP. UNIV. COMPLETA,SI,INDEPENDIENTE,SI,DEPENDIENTE,SI,PROPIA,SUS PADRES
463,CASA INDEPENDIENTE,PROPIA,SI,SI,PADRES Y HERMANOS,SUP. UNIV. INCOMPLETA,SUP. UNIV. COMPLETA,SI,INDEPENDIENTE,SI,INDEPENDIENTE,SI,CABINAS DE INTERNET,SUS PADRES
464,CASA INDEPENDIENTE,PROPIA,SI,NO,PADRES Y HERMANOS,SECUNDARIA,NaN,SI,INDEPENDIENTE,NaN,NaN,SI,PROPIA,POR SU CUENTA
465,CASA INDEPENDIENTE,PROPIA,SI,SI,PADRES Y HERMANOS,OTROS ESTUDIOS,OTROS ESTUDIOS,SI,INDEPENDIENTE,SI,INDEPENDIENTE,SI,CABINAS DE INTERNET,SUS PADRES
466,OTRO,ALQUILADA,SI,SI,SOLO HERMANOS,ESTUDIOS TECNICOS NO UNIVERSITARIOS,SECUNDARIA,SI,DEPENDIENTE,SI,INDEPENDIENTE,SI,CABINAS DE INTERNET,SUS PADRES
467,CASA INDEPENDIENTE,PROPIA,SI,SI,PADRES Y HERMANOS,SECUNDARIA,ESTUDIOS TECNICOS NO UNIVERSITARIOS,SI,DEPENDIENTE,SI,DEPENDIENTE,SI,PROPIA,SUS PADRES
468,CASA INDEPENDIENTE,PROPIA,SI,SI,PADRES Y HERMANOS,SUP. UNIV. COMPLETA,SUP. UNIV. COMPLETA,SI,DEPENDIENTE,SI,INDEPENDIENTE,SI,PROPIA,SUS PADRES
469,CASA INDEPENDIENTE,PROPIA,SI,SI,PADRES Y HERMANOS,SECUNDARIA,SECUNDARIA,SI,INDEPENDIENTE,SI,INDEPENDIENTE,SI,CABINAS DE INTERNET,SUS PADRES
470,CASA INDEPENDIENTE,PROPIA,SI,SI,PADRES Y HERMANOS,ESTUDIOS TECNICOS NO UNIVERSITARIOS,SECUNDARIA,SI,INDEPENDIENTE,SI,INDEPENDIENTE,SI,CABINAS DE INTERNET,SUS PADRES
471,CASA INDEPENDIENTE,ALQUILADA,SI,SI,PADRES Y HERMANOS,SECUNDARIA,OTROS ESTUDIOS,SI,NaN,SI,NaN,SI,NaN,POR SU CUENTA
472,CASA INDEPENDIENTE,PROPIA,SI,SI,PADRES Y HERMANOS,ESTUDIOS TECNICOS NO UNIVERSITARIOS,ESTUDIOS TECNICOS NO UNIVERSITARIOS,SI,DEPENDIENTE,SI,DEPENDIENTE,SI,PROPIA,SUS PADRES
473,CASA INDEPENDIENTE,PROPIA,SI,NO,OTROS PARIENTES,SUP. UNIV. COMPLETA,NaN,SI,DEPENDIENTE,NaN,NaN,SI,PROPIA,SUS PADRES
474,OTRO,ALQUILADA,SI,SI,SOLO HERMANOS,OTROS ESTUDIOS,OTROS ESTUDIOS,NO,NaN,NO,NaN,SI,PROPIA,POR SU CUENTA
475,OTRO,OTRO,SI,NO,SOLO HERMANOS,SECUNDARIA,NaN,SI,INDEPENDIENTE,NaN,NaN,SI,PROPIA,POR SU CUENTA
476,CASA INDEPENDIENTE,PROPIA,SI,NO,SOLO HERMANOS,SECUNDARIA,NaN,SI,INDEPENDIENTE,NaN,NaN,SI,PROPIA,POR SU CUENTA
477,OTRO,PROPIA,SI,SI,PADRES Y HERMANOS,ESTUDIOS TECNICOS NO UNIVERSITARIOS,SECUNDARIA,SI,DEPENDIENTE,SI,INDEPENDIENTE,SI,PROPIA,SUS PADRES
478,CASA INDEPENDIENTE,OTRO,SI,SI,SOLO HERMANOS,ESTUDIOS TECNICOS NO UNIVERSITARIOS,SUP. UNIV. COMPLETA,SI,DEPENDIENTE,SI,DEPENDIENTE,SI,PROPIA,SUS PADRES
479,CASA INDEPENDIENTE,PROPIA,SI,SI,PADRES Y HERMANOS,SUP. UNIV. COMPLETA,SUP. UNIV. COMPLETA,SI,DEPENDIENTE,SI,DEPENDIENTE,SI,CABINAS DE INTERNET,SUS PADRES
480,CASA INDEPENDIENTE,PROPIA,SI,SI,PADRES Y HERMANOS,SUP. UNIV. INCOMPLETA,SECUNDARIA,SI,INDEPENDIENTE,NO,NaN,SI,CABINAS DE INTERNET,SUS PADRES
481,OTRO,ALQUILADA,SI,SI,OTROS PARIENTES,SECUNDARIA,SECUNDARIA,SI,INDEPENDIENTE,SI,INDEPENDIENTE,SI,PROPIA,SUS PADRES
482,CASA INDEPENDIENTE,PROPIA,SI,SI,PADRES Y HERMANOS,ESTUDIOS TECNICOS NO UNIVERSITARIOS,SECUNDARIA,SI,INDEPENDIENTE,SI,INDEPENDIENTE,SI,PROPIA,SUS PADRES
483,CASA INDEPENDIENTE,OTRO,SI,SI,PADRES Y HERMANOS,SUP. UNIV. INCOMPLETA,SUP. UNIV. INCOMPLETA,SI,DEPENDIENTE,NO,NaN,SI,PROPIA,SUS PADRES
484,OTRO,ALQUILADA,SI,SI,PADRES Y HERMANOS,ESTUDIOS TECNICOS NO UNIVERSITARIOS,SECUNDARIA,SI,DEPENDIENTE,SI,INDEPENDIENTE,SI,PROPIA,SUS PADRES
485,OTRO,OTRO,SI,SI,OTROS PARIENTES,OTROS ESTUDIOS,OTROS ESTUDIOS,SI,DEPENDIENTE,SI,DEPENDIENTE,SI,PROPIA,POR SU CUENTA
486,CASA INDEPENDIENTE,ALQUILADA,SI,SI,SOLO HERMANOS,SECUNDARIA,SECUNDARIA,SI,INDEPENDIENTE,SI,INDEPENDIENTE,SI,PROPIA,POR SU CUENTA
487,CASA INDEPENDIENTE,PROPIA,SI,SI,PADRES Y HERMANOS,SECUNDARIA,ESTUDIOS TECNICOS NO UNIVERSITARIOS,SI,INDEPENDIENTE,SI,DEPENDIENTE,SI,PROPIA,POR SU CUENTA
488,CASA INDEPENDIENTE,PROPIA,SI,SI,PADRES Y HERMANOS,SECUNDARIA,SECUNDARIA,SI,DEPENDIENTE,NO,NaN,SI,CABINAS DE INTERNET,SUS PADRES
489,CASA INDEPENDIENTE,PROPIA,SI,SI,PADRES Y HERMANOS,SECUNDARIA,SECUNDARIA,SI,INDEPENDIENTE,SI,INDEPENDIENTE,SI,PROPIA,SUS PADRES
490,CASA INDEPENDIENTE,PROPIA,SI,SI,PADRES Y HERMANOS,OTROS ESTUDIOS,SUP. UNIV. COMPLETA,SI,INDEPENDIENTE,SI,INDEPENDIENTE,SI,PROPIA,SUS PADRES
491,CASA INDEPENDIENTE,PROPIA,SI,SI,PADRES Y HERMANOS,OTROS ESTUDIOS,OTROS ESTUDIOS,SI,DEPENDIENTE,SI,DEPENDIENTE,NO,NaN,SUS PADRES
492,CASA INDEPENDIENTE,PROPIA,SI,SI,PADRES Y HERMANOS,SUP. UNIV. COMPLETA,SUP. UNIV. COMPLETA,SI,DEPENDIENTE,SI,INDEPENDIENTE,SI,PROPIA,SUS PADRES
493,CASA INDEPENDIENTE,ALQUILADA,SI,SI,SOLO MADRE,SECUNDARIA,SECUNDARIA,SI,INDEPENDIENTE,SI,INDEPENDIENTE,SI,PROPIA,SUS PADRES
494,CASA INDEPENDIENTE,PROPIA,SI,SI,PADRES Y HERMANOS,SECUNDARIA,SECUNDARIA,SI,INDEPENDIENTE,SI,DEPENDIENTE,SI,CABINAS DE INTERNET,SUS PADRES
495,CASA INDEPENDIENTE,ALQUILADA,SI,SI,PADRES Y HERMANOS,SUP. UNIV. INCOMPLETA,SUP. UNIV. COMPLETA,SI,INDEPENDIENTE,SI,DEPENDIENTE,SI,CABINAS DE INTERNET,SUS PADRES
496,OTRO,ALQUILADA,SI,SI,PADRES Y HERMANOS,SECUNDARIA,SECUNDARIA,SI,DEPENDIENTE,SI,INDEPENDIENTE,SI,PROPIA,SUS PADRES
497,CASA INDEPENDIENTE,PROPIA,SI,SI,PADRES Y HERMANOS,OTROS ESTUDIOS,OTROS ESTUDIOS,SI,INDEPENDIENTE,SI,INDEPENDIENTE,SI,CABINAS DE INTERNET,SUS PADRES
498,CASA INDEPENDIENTE,PROPIA,SI,SI,PADRES Y HERMANOS,SECUNDARIA,SECUNDARIA,SI,DEPENDIENTE,NO,NaN,SI,CABINAS DE INTERNET,SUS PADRES
499,CASA INDEPENDIENTE,PROPIA,SI,SI,PADRES Y HERMANOS,SUP. UNIV. COMPLETA,SECUNDARIA,SI,DEPENDIENTE,NO,NaN,SI,CABINAS DE INTERNET,SUS PADRES
500,CASA INDEPENDIENTE,PROPIA,SI,SI,PADRES Y HERMANOS,SECUNDARIA,SUP. UNIV. COMPLETA,SI,INDEPENDIENTE,SI,DEPENDIENTE,SI,CABINAS DE INTERNET,SUS PADRES
501,CASA INDEPENDIENTE,PROPIA,SI,SI,PADRES Y HERMANOS,SECUNDARIA,SECUNDARIA,SI,INDEPENDIENTE,SI,INDEPENDIENTE,SI,CABINAS DE INTERNET,SUS PADRES
502,OTRO,ALQUILADA,SI,SI,SOLO MADRE,ESTUDIOS TECNICOS NO UNIVERSITARIOS,SUP. UNIV. COMPLETA,SI,DEPENDIENTE,SI,DEPENDIENTE,SI,CABINAS DE INTERNET,SUS PADRES
503,CASA INDEPENDIENTE,PROPIA,SI,SI,PADRES Y HERMANOS,SECUNDARIA,ESTUDIOS TECNICOS NO UNIVERSITARIOS,SI,INDEPENDIENTE,SI,INDEPENDIENTE,SI,CABINAS DE INTERNET,SUS PADRES
504,CASA INDEPENDIENTE,PROPIA,SI,SI,PADRES Y HERMANOS,SECUNDARIA,SUP. UNIV. COMPLETA,SI,INDEPENDIENTE,SI,INDEPENDIENTE,SI,PROPIA,SUS PADRES
505,CASA INDEPENDIENTE,PROPIA,SI,SI,PADRES Y HERMANOS,ESTUDIOS TECNICOS NO UNIVERSITARIOS,SECUNDARIA,SI,DEPENDIENTE,NO,NaN,SI,PROPIA,SUS PADRES
506,CASA INDEPENDIENTE,PROPIA,SI,SI,PADRES Y HERMANOS,SUP. UNIV. COMPLETA,SECUNDARIA,SI,DEPENDIENTE,NO,NaN,SI,PROPIA,SUS PADRES
507,CASA INDEPENDIENTE,PROPIA,SI,SI,SOLO MADRE,SECUNDARIA,SECUNDARIA,SI,INDEPENDIENTE,SI,INDEPENDIENTE,SI,CABINAS DE INTERNET,SUS PADRES
508,CASA INDEPENDIENTE,PROPIA,SI,SI,PADRES Y HERMANOS,OTROS ESTUDIOS,OTROS ESTUDIOS,SI,INDEPENDIENTE,SI,INDEPENDIENTE,SI,PROPIA,SUS PADRES
509,CASA INDEPENDIENTE,PROPIA,SI,SI,PADRES Y HERMANOS,SUP. UNIV. INCOMPLETA,SECUNDARIA,SI,INDEPENDIENTE,SI,INDEPENDIENTE,SI,CABINAS DE INTERNET,SUS PADRES
510,CASA INDEPENDIENTE,PROPIA,SI,SI,OTROS PARIENTES,SUP. UNIV. INCOMPLETA,SECUNDARIA,SI,DEPENDIENTE,SI,INDEPENDIENTE,SI,PROPIA,SUS PADRES
511,CASA INDEPENDIENTE,PROPIA,SI,SI,PADRES Y HERMANOS,ESTUDIOS TECNICOS NO UNIVERSITARIOS,OTROS ESTUDIOS,SI,INDEPENDIENTE,SI,INDEPENDIENTE,SI,PROPIA,SUS PADRES
512,CASA INDEPENDIENTE,PROPIA,SI,SI,PADRES Y HERMANOS,SECUNDARIA,SECUNDARIA,SI,DEPENDIENTE,SI,INDEPENDIENTE,SI,CABINAS DE INTERNET,SUS PADRES
513,CASA INDEPENDIENTE,PROPIA,SI,SI,PADRES Y HERMANOS,SECUNDARIA,SECUNDARIA,SI,DEPENDIENTE,NO,NaN,SI,PROPIA,SUS PADRES
514,CASA INDEPENDIENTE,PROPIA,SI,SI,PADRES Y HERMANOS,SECUNDARIA,SECUNDARIA,SI,INDEPENDIENTE,SI,INDEPENDIENTE,SI,OTRAS,POR SU CUENTA
515,CASA INDEPENDIENTE,PROPIA,SI,SI,PADRES Y HERMANOS,SECUNDARIA,SECUNDARIA,SI,INDEPENDIENTE,SI,INDEPENDIENTE,NO,NaN,SUS PADRES
516,CASA INDEPENDIENTE,PROPIA,SI,SI,PADRES Y HERMANOS,ESTUDIOS TECNICOS NO UNIVERSITARIOS,ESTUDIOS TECNICOS NO UNIVERSITARIOS,SI,INDEPENDIENTE,SI,INDEPENDIENTE,SI,PROPIA,SUS PADRES
517,CASA INDEPENDIENTE,PROPIA,SI,SI,SOLO(A),SECUNDARIA,SECUNDARIA,SI,INDEPENDIENTE,SI,INDEPENDIENTE,SI,PROPIA,POR SU CUENTA
518,CASA INDEPENDIENTE,PROPIA,SI,SI,PADRES Y HERMANOS,SUP. UNIV. COMPLETA,SUP. UNIV. COMPLETA,SI,DEPENDIENTE,SI,DEPENDIENTE,SI,PROPIA,SUS PADRES
519,CASA INDEPENDIENTE,PROPIA,SI,SI,PADRES Y HERMANOS,ESTUDIOS TECNICOS NO UNIVERSITARIOS,SECUNDARIA,SI,INDEPENDIENTE,NO,NaN,SI,PROPIA,POR SU CUENTA
520,CASA INDEPENDIENTE,PROPIA,NO,SI,OTROS PARIENTES,NaN,ESTUDIOS TECNICOS NO UNIVERSITARIOS,NaN,NaN,SI,DEPENDIENTE,SI,CABINAS DE INTERNET,POR SU CUENTA
521,CASA INDEPENDIENTE,PROPIA,SI,SI,PADRES Y HERMANOS,ESTUDIOS TECNICOS NO UNIVERSITARIOS,ESTUDIOS TECNICOS NO UNIVERSITARIOS,SI,DEPENDIENTE,SI,DEPENDIENTE,SI,PROPIA,SUS PADRES
522,CASA INDEPENDIENTE,PROPIA,SI,SI,PADRES Y HERMANOS,SECUNDARIA,SECUNDARIA,SI,INDEPENDIENTE,SI,INDEPENDIENTE,SI,PROPIA,SUS PADRES
523,CASA INDEPENDIENTE,PROPIA,SI,SI,SOLO MADRE,SECUNDARIA,SECUNDARIA,SI,INDEPENDIENTE,SI,INDEPENDIENTE,SI,PROPIA,SUS PADRES
524,CASA INDEPENDIENTE,PROPIA,SI,SI,SOLO MADRE,SECUNDARIA,SECUNDARIA,SI,INDEPENDIENTE,SI,INDEPENDIENTE,SI,PROPIA,SUS PADRES
525,CASA INDEPENDIENTE,PROPIA,SI,SI,PADRES Y HERMANOS,SECUNDARIA,ESTUDIOS TECNICOS NO UNIVERSITARIOS,SI,INDEPENDIENTE,SI,INDEPENDIENTE,SI,PROPIA,POR SU CUENTA
526,OTRO,OTRO,SI,SI,PADRES Y HERMANOS,SECUNDARIA,SECUNDARIA,NO,NaN,SI,INDEPENDIENTE,NO,NaN,OTROS
527,OTRO,ALQUILADA,SI,SI,PADRES Y HERMANOS,ESTUDIOS TECNICOS NO UNIVERSITARIOS,ESTUDIOS TECNICOS NO UNIVERSITARIOS,SI,DEPENDIENTE,SI,DEPENDIENTE,SI,PROPIA,SUS PADRES
528,OTRO,ALQUILADA,SI,SI,OTROS PARIENTES,SECUNDARIA,SECUNDARIA,SI,INDEPENDIENTE,SI,INDEPENDIENTE,NO,NaN,SUS PADRES
529,CASA INDEPENDIENTE,PROPIA,SI,SI,PADRES Y HERMANOS,ESTUDIOS TECNICOS NO UNIVERSITARIOS,SUP. UNIV. COMPLETA,SI,INDEPENDIENTE,SI,INDEPENDIENTE,NO,NaN,SUS PADRES
530,CASA INDEPENDIENTE,PROPIA,SI,SI,PADRES Y HERMANOS,SECUNDARIA,SECUNDARIA,SI,INDEPENDIENTE,SI,INDEPENDIENTE,SI,PROPIA,POR SU CUENTA
531,CASA INDEPENDIENTE,PROPIA,SI,SI,PADRES Y HERMANOS,SUP. UNIV. COMPLETA,SUP. UNIV. COMPLETA,SI,INDEPENDIENTE,SI,DEPENDIENTE,SI,CABINAS DE INTERNET,SUS PADRES
532,CASA INDEPENDIENTE,PROPIA,SI,SI,PADRES Y HERMANOS,ESTUDIOS TECNICOS NO UNIVERSITARIOS,ESTUDIOS TECNICOS NO UNIVERSITARIOS,SI,DEPENDIENTE,SI,DEPENDIENTE,SI,PROPIA,POR SU CUENTA
533,CASA INDEPENDIENTE,PROPIA,NO,SI,PADRES Y HERMANOS,NaN,SUP. UNIV. COMPLETA,NaN,NaN,SI,INDEPENDIENTE,SI,PROPIA,SUS PADRES
534,CASA INDEPENDIENTE,PROPIA,SI,SI,PADRES Y HERMANOS,SUP. UNIV. INCOMPLETA,SECUNDARIA,SI,INDEPENDIENTE,SI,INDEPENDIENTE,SI,PROPIA,POR SU CUENTA
535,OTRO,ALQUILADA,SI,SI,OTROS PARIENTES,SECUNDARIA,SECUNDARIA,SI,INDEPENDIENTE,NO,NaN,NO,NaN,OTROS
536,CASA INDEPENDIENTE,OTRO,SI,SI,PADRES Y HERMANOS,ESTUDIOS TECNICOS NO UNIVERSITARIOS,SECUNDARIA,SI,DEPENDIENTE,NO,NaN,SI,PROPIA,SUS PADRES
537,OTRO,ALQUILADA,SI,SI,PADRES Y HERMANOS,SECUNDARIA,SECUNDARIA,SI,DEPENDIENTE,SI,INDEPENDIENTE,SI,PROPIA,POR SU CUENTA
538,OTRO,ALQUILADA,SI,NO,PADRES Y HERMANOS,OTROS ESTUDIOS,NaN,SI,INDEPENDIENTE,NaN,NaN,SI,CABINAS DE INTERNET,OTROS
539,CASA INDEPENDIENTE,PROPIA,SI,SI,PADRES Y HERMANOS,ESTUDIOS TECNICOS NO UNIVERSITARIOS,SUP. UNIV. INCOMPLETA,SI,INDEPENDIENTE,SI,INDEPENDIENTE,SI,PROPIA,POR SU CUENTA
540,CASA INDEPENDIENTE,PROPIA,SI,SI,PADRES Y HERMANOS,SECUNDARIA,SECUNDARIA,SI,INDEPENDIENTE,SI,INDEPENDIENTE,SI,PROPIA,POR SU CUENTA
541,CASA INDEPENDIENTE,PROPIA,SI,SI,PADRES Y HERMANOS,SUP. UNIV. COMPLETA,ESTUDIOS TECNICOS NO UNIVERSITARIOS,SI,DEPENDIENTE,SI,INDEPENDIENTE,SI,PROPIA,SUS PADRES
542,CASA INDEPENDIENTE,PROPIA,SI,SI,SOLO HERMANOS,SECUNDARIA,SECUNDARIA,SI,INDEPENDIENTE,SI,INDEPENDIENTE,SI,PROPIA,OTROS
543,OTRO,PROPIA,NO,SI,SOLO MADRE,NaN,OTROS ESTUDIOS,NaN,NaN,NO,NaN,SI,OTRAS,POR SU CUENTA
544,OTRO,ALQUILADA,SI,SI,PADRES Y HERMANOS,SECUNDARIA,SECUNDARIA,SI,DEPENDIENTE,SI,INDEPENDIENTE,SI,PROPIA,SUS PADRES
545,OTRO,ALQUILADA,SI,SI,PADRES Y HERMANOS,SECUNDARIA,SECUNDARIA,SI,INDEPENDIENTE,NO,NaN,SI,OTRAS,SUS PADRES
546,CASA INDEPENDIENTE,PROPIA,SI,SI,PADRES Y HERMANOS,SECUNDARIA,SUP. UNIV. INCOMPLETA,SI,DEPENDIENTE,SI,DEPENDIENTE,SI,CABINAS DE INTERNET,SUS PADRES
547,CASA INDEPENDIENTE,PROPIA,SI,SI,PADRES Y HERMANOS,SECUNDARIA,OTROS ESTUDIOS,SI,INDEPENDIENTE,NO,NaN,SI,CABINAS DE INTERNET,SUS PADRES
548,CASA INDEPENDIENTE,PROPIA,SI,SI,PADRES Y HERMANOS,SECUNDARIA,OTROS ESTUDIOS,SI,INDEPENDIENTE,SI,INDEPENDIENTE,SI,CABINAS DE INTERNET,SUS PADRES
549,CASA INDEPENDIENTE,PROPIA,SI,SI,PADRES Y HERMANOS,SECUNDARIA,OTROS ESTUDIOS,SI,INDEPENDIENTE,SI,INDEPENDIENTE,SI,CABINAS DE INTERNET,SUS PADRES
550,CASA INDEPENDIENTE,PROPIA,SI,SI,PADRES Y HERMANOS,SECUNDARIA,SECUNDARIA,SI,DEPENDIENTE,NO,NaN,SI,CABINAS DE INTERNET,SUS PADRES
551,CASA INDEPENDIENTE,PROPIA,SI,SI,PADRES Y HERMANOS,SUP. UNIV. COMPLETA,SUP. UNIV. COMPLETA,SI,INDEPENDIENTE,SI,INDEPENDIENTE,SI,PROPIA,SUS PADRES
552,OTRO,ALQUILADA,SI,SI,SOLO(A),SECUNDARIA,SECUNDARIA,SI,INDEPENDIENTE,SI,INDEPENDIENTE,SI,PROPIA,OTROS
553,OTRO,ALQUILADA,SI,SI,PADRES Y HERMANOS,SECUNDARIA,SECUNDARIA,NO,NaN,NO,NaN,SI,CABINAS DE INTERNET,POR SU CUENTA
554,OTRO,ALQUILADA,SI,SI,OTROS PARIENTES,SUP. UNIV. COMPLETA,SUP. UNIV. COMPLETA,SI,DEPENDIENTE,SI,DEPENDIENTE,SI,CABINAS DE INTERNET,SUS PADRES
555,CASA INDEPENDIENTE,PROPIA,SI,SI,PADRES Y HERMANOS,OTROS ESTUDIOS,OTROS ESTUDIOS,SI,DEPENDIENTE,SI,DEPENDIENTE,SI,CABINAS DE INTERNET,SUS PADRES
556,CASA INDEPENDIENTE,PROPIA,SI,SI,PADRES Y HERMANOS,SECUNDARIA,OTROS ESTUDIOS,SI,INDEPENDIENTE,NO,NaN,SI,CABINAS DE INTERNET,SUS PADRES
557,CASA INDEPENDIENTE,PROPIA,SI,SI,PADRES Y HERMANOS,OTROS ESTUDIOS,OTROS ESTUDIOS,SI,INDEPENDIENTE,SI,INDEPENDIENTE,SI,CABINAS DE INTERNET,SUS PADRES
558,CASA INDEPENDIENTE,PROPIA,SI,SI,PADRES Y HERMANOS,SUP. UNIV. COMPLETA,SUP. UNIV. COMPLETA,SI,DEPENDIENTE,SI,DEPENDIENTE,SI,PROPIA,SUS PADRES
559,OTRO,OTRO,NO,SI,OTROS PARIENTES,NaN,OTROS ESTUDIOS,NaN,NaN,SI,INDEPENDIENTE,SI,PROPIA,OTROS
560,CASA INDEPENDIENTE,PROPIA,SI,SI,PADRES Y HERMANOS,SUP. UNIV. COMPLETA,SUP. UNIV. COMPLETA,SI,INDEPENDIENTE,SI,INDEPENDIENTE,SI,PROPIA,SUS PADRES
561,CASA INDEPENDIENTE,PROPIA,SI,SI,PADRES Y HERMANOS,SECUNDARIA,ESTUDIOS TECNICOS NO UNIVERSITARIOS,SI,DEPENDIENTE,SI,INDEPENDIENTE,SI,PROPIA,SUS PADRES
562,CASA INDEPENDIENTE,PROPIA,SI,SI,PADRES Y HERMANOS,SUP. UNIV. COMPLETA,SUP. UNIV. INCOMPLETA,SI,INDEPENDIENTE,SI,INDEPENDIENTE,SI,PROPIA,SUS PADRES
563,CASA INDEPENDIENTE,PROPIA,SI,SI,PADRES Y HERMANOS,SUP. UNIV. INCOMPLETA,ESTUDIOS TECNICOS NO UNIVERSITARIOS,SI,DEPENDIENTE,SI,INDEPENDIENTE,SI,PROPIA,SUS PADRES
564,CASA INDEPENDIENTE,PROPIA,SI,SI,PADRES Y HERMANOS,SECUNDARIA,SECUNDARIA,SI,INDEPENDIENTE,SI,INDEPENDIENTE,SI,PROPIA,SUS PADRES
565,CASA INDEPENDIENTE,PROPIA,SI,SI,PADRES Y HERMANOS,SECUNDARIA,SECUNDARIA,SI,INDEPENDIENTE,SI,INDEPENDIENTE,SI,PROPIA,POR SU CUENTA
566,CASA INDEPENDIENTE,PROPIA,SI,SI,PADRES Y HERMANOS,SUP. UNIV. COMPLETA,SUP. UNIV. COMPLETA,SI,INDEPENDIENTE,SI,INDEPENDIENTE,SI,PROPIA,SUS PADRES
567,CASA INDEPENDIENTE,PROPIA,SI,SI,PADRES Y HERMANOS,ESTUDIOS TECNICOS NO UNIVERSITARIOS,SECUNDARIA,SI,INDEPENDIENTE,SI,INDEPENDIENTE,SI,PROPIA,SUS PADRES
568,CASA INDEPENDIENTE,PROPIA,SI,SI,PADRES Y HERMANOS,SUP. UNIV. COMPLETA,ESTUDIOS TECNICOS NO UNIVERSITARIOS,SI,DEPENDIENTE,SI,INDEPENDIENTE,SI,PROPIA,SUS PADRES
569,CASA INDEPENDIENTE,PROPIA,SI,SI,PADRES Y HERMANOS,ESTUDIOS TECNICOS NO UNIVERSITARIOS,ESTUDIOS TECNICOS NO UNIVERSITARIOS,SI,INDEPENDIENTE,SI,INDEPENDIENTE,SI,PROPIA,SUS PADRES
570,OTRO,ALQUILADA,SI,SI,SOLO HERMANOS,SECUNDARIA,SECUNDARIA,SI,INDEPENDIENTE,SI,INDEPENDIENTE,SI,PROPIA,SUS PADRES
571,CASA INDEPENDIENTE,PROPIA,SI,SI,PADRES Y HERMANOS,SUP. UNIV. COMPLETA,SUP. UNIV. COMPLETA,SI,DEPENDIENTE,SI,DEPENDIENTE,SI,PROPIA,SUS PADRES
572,CASA INDEPENDIENTE,ALQUILADA,SI,SI,PADRES Y HERMANOS,ESTUDIOS TECNICOS NO UNIVERSITARIOS,ESTUDIOS TECNICOS NO UNIVERSITARIOS,SI,DEPENDIENTE,SI,INDEPENDIENTE,SI,CABINAS DE INTERNET,SUS PADRES
573,CASA INDEPENDIENTE,PROPIA,NO,SI,PADRES Y HERMANOS,NaN,SUP. UNIV. COMPLETA,NaN,NaN,SI,DEPENDIENTE,SI,PROPIA,SUS PADRES
574,OTRO,ALQUILADA,SI,SI,PADRES Y HERMANOS,ESTUDIOS TECNICOS NO UNIVERSITARIOS,ESTUDIOS TECNICOS NO UNIVERSITARIOS,SI,DEPENDIENTE,SI,DEPENDIENTE,SI,PROPIA,SUS PADRES
575,OTRO,ALQUILADA,NO,SI,SOLO HERMANOS,NaN,SECUNDARIA,NaN,NaN,SI,INDEPENDIENTE,SI,CABINAS DE INTERNET,OTROS
576,CASA INDEPENDIENTE,PROPIA,SI,SI,PADRES Y HERMANOS,SECUNDARIA,SECUNDARIA,SI,INDEPENDIENTE,SI,INDEPENDIENTE,SI,PROPIA,SUS PADRES
577,CASA INDEPENDIENTE,PROPIA,SI,SI,PADRES Y HERMANOS,SUP. UNIV. INCOMPLETA,SUP. UNIV. COMPLETA,SI,DEPENDIENTE,SI,DEPENDIENTE,SI,PROPIA,SUS PADRES
578,CASA INDEPENDIENTE,PROPIA,SI,SI,PADRES Y HERMANOS,ESTUDIOS TECNICOS NO UNIVERSITARIOS,ESTUDIOS TECNICOS NO UNIVERSITARIOS,SI,DEPENDIENTE,NO,NaN,SI,PROPIA,SUS PADRES
579,OTRO,ALQUILADA,SI,SI,PADRES Y HERMANOS,SUP. UNIV. INCOMPLETA,SUP. UNIV. COMPLETA,SI,DEPENDIENTE,SI,DEPENDIENTE,SI,CABINAS DE INTERNET,SUS PADRES
580,CASA INDEPENDIENTE,PROPIA,SI,SI,PADRES Y HERMANOS,ESTUDIOS TECNICOS NO UNIVERSITARIOS,ESTUDIOS TECNICOS NO UNIVERSITARIOS,SI,INDEPENDIENTE,SI,INDEPENDIENTE,SI,PROPIA,SUS PADRES
581,OTRO,ALQUILADA,SI,SI,PADRES Y HERMANOS,ESTUDIOS TECNICOS NO UNIVERSITARIOS,SECUNDARIA,SI,INDEPENDIENTE,SI,INDEPENDIENTE,SI,PROPIA,SUS PADRES
582,OTRO,OTRO,SI,SI,SOLO HERMANOS,ESTUDIOS TECNICOS NO UNIVERSITARIOS,SECUNDARIA,SI,DEPENDIENTE,SI,INDEPENDIENTE,SI,PROPIA,SUS PADRES
583,CASA INDEPENDIENTE,PROPIA,SI,SI,PADRES Y HERMANOS,ESTUDIOS TECNICOS NO UNIVERSITARIOS,SECUNDARIA,SI,INDEPENDIENTE,SI,INDEPENDIENTE,SI,PROPIA,SUS PADRES
584,CASA INDEPENDIENTE,PROPIA,SI,SI,PADRES Y HERMANOS,SUP. UNIV. COMPLETA,SUP. UNIV. COMPLETA,SI,DEPENDIENTE,SI,DEPENDIENTE,SI,PROPIA,SUS PADRES
585,CASA INDEPENDIENTE,PROPIA,SI,SI,PADRES Y HERMANOS,OTROS ESTUDIOS,SUP. UNIV. COMPLETA,SI,DEPENDIENTE,SI,DEPENDIENTE,SI,PROPIA,SUS PADRES
586,OTRO,PROPIA,SI,NO,OTROS PARIENTES,SUP. UNIV. INCOMPLETA,NaN,SI,DEPENDIENTE,NaN,NaN,NO,NaN,SUS PADRES
587,CASA INDEPENDIENTE,OTRO,SI,SI,OTROS PARIENTES,OTROS ESTUDIOS,SECUNDARIA,SI,INDEPENDIENTE,SI,DEPENDIENTE,SI,NaN,OTROS
588,OTRO,OTRO,SI,SI,OTROS PARIENTES,SUP. UNIV. INCOMPLETA,SUP. UNIV. COMPLETA,SI,INDEPENDIENTE,NO,NaN,SI,CABINAS DE INTERNET,SUS PADRES
589,CASA INDEPENDIENTE,PROPIA,SI,SI,PADRES Y HERMANOS,SUP. UNIV. INCOMPLETA,SUP. UNIV. INCOMPLETA,SI,INDEPENDIENTE,SI,INDEPENDIENTE,SI,CABINAS DE INTERNET,SUS PADRES
590,CASA INDEPENDIENTE,ALQUILADA,SI,SI,PADRES Y HERMANOS,SECUNDARIA,SECUNDARIA,SI,DEPENDIENTE,SI,DEPENDIENTE,SI,CABINAS DE INTERNET,SUS PADRES
591,CASA INDEPENDIENTE,PROPIA,SI,SI,PADRES Y HERMANOS,SECUNDARIA,SECUNDARIA,SI,INDEPENDIENTE,NO,NaN,NO,NaN,POR SU CUENTA
592,OTRO,OTRO,SI,SI,OTROS PARIENTES,SECUNDARIA,ESTUDIOS TECNICOS NO UNIVERSITARIOS,NO,NaN,SI,DEPENDIENTE,SI,CABINAS DE INTERNET,SUS PADRES
593,CASA INDEPENDIENTE,PROPIA,SI,SI,OTROS PARIENTES,SECUNDARIA,SECUNDARIA,SI,DEPENDIENTE,SI,DEPENDIENTE,SI,PROPIA,SUS PADRES
594,CASA INDEPENDIENTE,ALQUILADA,SI,SI,PADRES Y HERMANOS,SUP. UNIV. COMPLETA,SUP. UNIV. COMPLETA,SI,INDEPENDIENTE,SI,DEPENDIENTE,SI,PROPIA,SUS PADRES
595,CASA INDEPENDIENTE,PROPIA,SI,SI,PADRES Y HERMANOS,ESTUDIOS TECNICOS NO UNIVERSITARIOS,ESTUDIOS TECNICOS NO UNIVERSITARIOS,SI,DEPENDIENTE,SI,INDEPENDIENTE,SI,PROPIA,SUS PADRES
596,CASA INDEPENDIENTE,ALQUILADA,SI,SI,PADRES Y HERMANOS,ESTUDIOS TECNICOS NO UNIVERSITARIOS,SECUNDARIA,SI,DEPENDIENTE,SI,INDEPENDIENTE,SI,PROPIA,SUS PADRES
597,CASA INDEPENDIENTE,PROPIA,SI,SI,PADRES Y HERMANOS,ESTUDIOS TECNICOS NO UNIVERSITARIOS,SECUNDARIA,SI,INDEPENDIENTE,SI,INDEPENDIENTE,SI,CABINAS DE INTERNET,SUS PADRES
598,OTRO,OTRO,SI,SI,OTROS PARIENTES,SECUNDARIA,SECUNDARIA,SI,INDEPENDIENTE,SI,INDEPENDIENTE,SI,CABINAS DE INTERNET,SUS PADRES
599,OTRO,ALQUILADA,SI,SI,OTROS PARIENTES,OTROS ESTUDIOS,OTROS ESTUDIOS,NO,NaN,NO,NaN,SI,PROPIA,POR SU CUENTA
600,CASA INDEPENDIENTE,OTRO,SI,SI,SOLO MADRE,SUP. UNIV. INCOMPLETA,SUP. UNIV. INCOMPLETA,SI,INDEPENDIENTE,SI,DEPENDIENTE,SI,PROPIA,SUS PADRES
601,CASA INDEPENDIENTE,PROPIA,SI,SI,PADRES Y HERMANOS,OTROS ESTUDIOS,OTROS ESTUDIOS,SI,INDEPENDIENTE,SI,INDEPENDIENTE,SI,PROPIA,POR SU CUENTA
602,OTRO,OTRO,NO,SI,SOLO HERMANOS,NaN,SECUNDARIA,NaN,NaN,SI,DEPENDIENTE,SI,PROPIA,OTROS
603,CASA INDEPENDIENTE,PROPIA,SI,SI,PADRES Y HERMANOS,SUP. UNIV. COMPLETA,SECUNDARIA,SI,INDEPENDIENTE,SI,INDEPENDIENTE,SI,PROPIA,SUS PADRES
604,CASA INDEPENDIENTE,PROPIA,SI,SI,PADRES Y HERMANOS,SECUNDARIA,SECUNDARIA,SI,INDEPENDIENTE,SI,INDEPENDIENTE,SI,PROPIA,SUS PADRES
605,CASA INDEPENDIENTE,PROPIA,SI,SI,PADRES Y HERMANOS,SECUNDARIA,SECUNDARIA,SI,INDEPENDIENTE,NO,NaN,SI,OTRAS,SUS PADRES
606,CASA INDEPENDIENTE,PROPIA,SI,SI,PADRES Y HERMANOS,SUP. UNIV. COMPLETA,SECUNDARIA,SI,INDEPENDIENTE,SI,INDEPENDIENTE,SI,PROPIA,SUS PADRES
607,CASA INDEPENDIENTE,PROPIA,SI,SI,PADRES Y HERMANOS,ESTUDIOS TECNICOS NO UNIVERSITARIOS,ESTUDIOS TECNICOS NO UNIVERSITARIOS,SI,DEPENDIENTE,SI,DEPENDIENTE,SI,CABINAS DE INTERNET,SUS PADRES
608,CASA INDEPENDIENTE,PROPIA,SI,SI,PADRES Y HERMANOS,SECUNDARIA,SECUNDARIA,SI,INDEPENDIENTE,SI,INDEPENDIENTE,SI,PROPIA,SUS PADRES
609,CASA INDEPENDIENTE,PROPIA,SI,SI,PADRES Y HERMANOS,SECUNDARIA,SECUNDARIA,SI,INDEPENDIENTE,SI,INDEPENDIENTE,SI,CABINAS DE INTERNET,SUS PADRES
610,CASA INDEPENDIENTE,PROPIA,SI,SI,PADRES Y HERMANOS,SUP. UNIV. COMPLETA,SUP. UNIV. COMPLETA,SI,DEPENDIENTE,SI,DEPENDIENTE,SI,PROPIA,SUS PADRES
611,CASA INDEPENDIENTE,PROPIA,SI,SI,PADRES Y HERMANOS,OTROS ESTUDIOS,OTROS ESTUDIOS,SI,INDEPENDIENTE,NO,NaN,SI,PROPIA,SUS PADRES
612,CASA INDEPENDIENTE,PROPIA,SI,SI,PADRES Y HERMANOS,SECUNDARIA,SECUNDARIA,SI,DEPENDIENTE,SI,INDEPENDIENTE,SI,PROPIA,SUS PADRES
613,OTRO,ALQUILADA,NO,SI,SOLO HERMANOS,NaN,OTROS ESTUDIOS,NaN,NaN,SI,INDEPENDIENTE,SI,CABINAS DE INTERNET,SUS PADRES
614,CASA INDEPENDIENTE,PROPIA,SI,SI,PADRES Y HERMANOS,SUP. UNIV. COMPLETA,ESTUDIOS TECNICOS NO UNIVERSITARIOS,SI,DEPENDIENTE,NO,NaN,SI,PROPIA,SUS PADRES
615,CASA INDEPENDIENTE,PROPIA,SI,SI,PADRES Y HERMANOS,SECUNDARIA,SECUNDARIA,SI,DEPENDIENTE,NO,NaN,SI,CABINAS DE INTERNET,SUS PADRES
616,CASA INDEPENDIENTE,PROPIA,SI,SI,PADRES Y HERMANOS,SUP. UNIV. COMPLETA,ESTUDIOS TECNICOS NO UNIVERSITARIOS,SI,DEPENDIENTE,NO,NaN,SI,PROPIA,SUS PADRES
617,CASA INDEPENDIENTE,PROPIA,SI,SI,PADRES Y HERMANOS,SUP. UNIV. INCOMPLETA,OTROS ESTUDIOS,SI,INDEPENDIENTE,SI,INDEPENDIENTE,SI,PROPIA,SUS PADRES
618,CASA INDEPENDIENTE,PROPIA,SI,SI,PADRES Y HERMANOS,SUP. UNIV. COMPLETA,SECUNDARIA,NO,NaN,NO,NaN,SI,CABINAS DE INTERNET,SUS PADRES
619,CASA INDEPENDIENTE,PROPIA,SI,SI,PADRES Y HERMANOS,SECUNDARIA,OTROS ESTUDIOS,SI,DEPENDIENTE,SI,DEPENDIENTE,SI,OTRAS,POR SU CUENTA
620,CASA INDEPENDIENTE,PROPIA,SI,SI,PADRES Y HERMANOS,SECUNDARIA,OTROS ESTUDIOS,SI,DEPENDIENTE,NO,NaN,SI,PROPIA,SUS PADRES
621,CASA INDEPENDIENTE,PROPIA,NO,SI,PADRES Y HERMANOS,NaN,OTROS ESTUDIOS,NaN,NaN,SI,INDEPENDIENTE,SI,PROPIA,OTROS
622,CASA INDEPENDIENTE,PROPIA,SI,SI,PADRES Y HERMANOS,SUP. UNIV. INCOMPLETA,OTROS ESTUDIOS,SI,DEPENDIENTE,NO,NaN,SI,PROPIA,SUS PADRES
623,CASA INDEPENDIENTE,PROPIA,SI,SI,PADRES Y HERMANOS,OTROS ESTUDIOS,OTROS ESTUDIOS,SI,INDEPENDIENTE,SI,INDEPENDIENTE,SI,PROPIA,POR SU CUENTA
624,CASA INDEPENDIENTE,PROPIA,SI,SI,PADRES Y HERMANOS,SECUNDARIA,SECUNDARIA,SI,INDEPENDIENTE,SI,INDEPENDIENTE,SI,CABINAS DE INTERNET,SUS PADRES
625,CASA INDEPENDIENTE,PROPIA,NO,SI,PADRES Y HERMANOS,NaN,SECUNDARIA,NaN,NaN,SI,INDEPENDIENTE,SI,OTRAS,SUS PADRES
626,OTRO,ALQUILADA,SI,SI,PADRES Y HERMANOS,SECUNDARIA,SECUNDARIA,SI,INDEPENDIENTE,SI,INDEPENDIENTE,SI,CABINAS DE INTERNET,SUS PADRES
627,CASA INDEPENDIENTE,PROPIA,SI,SI,PADRES Y HERMANOS,ESTUDIOS TECNICOS NO UNIVERSITARIOS,SECUNDARIA,SI,INDEPENDIENTE,SI,INDEPENDIENTE,SI,PROPIA,SUS PADRES
628,CASA INDEPENDIENTE,PROPIA,SI,SI,PADRES Y HERMANOS,ESTUDIOS TECNICOS NO UNIVERSITARIOS,SECUNDARIA,SI,INDEPENDIENTE,SI,INDEPENDIENTE,SI,PROPIA,SUS PADRES
629,CASA INDEPENDIENTE,PROPIA,SI,SI,SOLO(A),SECUNDARIA,OTROS ESTUDIOS,SI,INDEPENDIENTE,SI,INDEPENDIENTE,SI,PROPIA,POR SU CUENTA
630,CASA INDEPENDIENTE,PROPIA,SI,SI,PADRES Y HERMANOS,SECUNDARIA,OTROS ESTUDIOS,SI,INDEPENDIENTE,SI,INDEPENDIENTE,SI,PROPIA,SUS PADRES
631,CASA INDEPENDIENTE,PROPIA,NO,SI,PADRES Y HERMANOS,NaN,SECUNDARIA,NaN,NaN,SI,DEPENDIENTE,SI,PROPIA,POR SU CUENTA
632,OTRO,ALQUILADA,SI,SI,OTROS PARIENTES,SUP. UNIV. INCOMPLETA,SECUNDARIA,SI,DEPENDIENTE,SI,DEPENDIENTE,SI,OTRAS,POR SU CUENTA
633,CASA INDEPENDIENTE,PROPIA,SI,SI,PADRES Y HERMANOS,OTROS ESTUDIOS,OTROS ESTUDIOS,SI,INDEPENDIENTE,SI,INDEPENDIENTE,SI,PROPIA,SUS PADRES
634,CASA INDEPENDIENTE,PROPIA,SI,SI,PADRES Y HERMANOS,SECUNDARIA,SECUNDARIA,SI,INDEPENDIENTE,NO,NaN,SI,CABINAS DE INTERNET,SUS PADRES
635,CASA INDEPENDIENTE,PROPIA,NO,SI,PADRES Y HERMANOS,NaN,SECUNDARIA,NaN,NaN,SI,INDEPENDIENTE,SI,CABINAS DE INTERNET,SUS PADRES
636,CASA INDEPENDIENTE,PROPIA,NO,SI,PADRES Y HERMANOS,NaN,SUP. UNIV. INCOMPLETA,NaN,NaN,SI,DEPENDIENTE,SI,PROPIA,POR SU CUENTA
637,CASA INDEPENDIENTE,PROPIA,SI,SI,PADRES Y HERMANOS,OTROS ESTUDIOS,OTROS ESTUDIOS,SI,INDEPENDIENTE,SI,INDEPENDIENTE,SI,PROPIA,SUS PADRES
638,CASA INDEPENDIENTE,PROPIA,SI,SI,SOLO MADRE,ESTUDIOS TECNICOS NO UNIVERSITARIOS,ESTUDIOS TECNICOS NO UNIVERSITARIOS,NO,NaN,SI,DEPENDIENTE,SI,PROPIA,SUS PADRES
639,CASA INDEPENDIENTE,PROPIA,SI,SI,PADRES Y HERMANOS,SECUNDARIA,OTROS ESTUDIOS,SI,INDEPENDIENTE,SI,INDEPENDIENTE,SI,PROPIA,SUS PADRES
640,CASA INDEPENDIENTE,PROPIA,NO,SI,OTROS PARIENTES,NaN,SECUNDARIA,NaN,NaN,NO,NaN,SI,PROPIA,POR SU CUENTA
641,OTRO,ALQUILADA,SI,SI,SOLO HERMANOS,ESTUDIOS TECNICOS NO UNIVERSITARIOS,ESTUDIOS TECNICOS NO UNIVERSITARIOS,SI,DEPENDIENTE,NO,NaN,SI,CABINAS DE INTERNET,SUS PADRES
642,CASA INDEPENDIENTE,PROPIA,SI,SI,OTROS PARIENTES,ESTUDIOS TECNICOS NO UNIVERSITARIOS,ESTUDIOS TECNICOS NO UNIVERSITARIOS,SI,DEPENDIENTE,SI,DEPENDIENTE,SI,PROPIA,POR SU CUENTA
643,CASA INDEPENDIENTE,PROPIA,SI,SI,PADRES Y HERMANOS,SECUNDARIA,SECUNDARIA,SI,DEPENDIENTE,SI,INDEPENDIENTE,SI,OTRAS,SUS PADRES
644,CASA INDEPENDIENTE,PROPIA,SI,SI,PADRES Y HERMANOS,ESTUDIOS TECNICOS NO UNIVERSITARIOS,SUP. UNIV. COMPLETA,SI,DEPENDIENTE,SI,DEPENDIENTE,SI,PROPIA,SUS PADRES
645,OTRO,ALQUILADA,NO,SI,SOLO MADRE,NaN,SUP. UNIV. COMPLETA,NaN,NaN,SI,INDEPENDIENTE,SI,OTRAS,SUS PADRES
646,CASA INDEPENDIENTE,PROPIA,SI,SI,PADRES Y HERMANOS,OTROS ESTUDIOS,OTROS ESTUDIOS,SI,INDEPENDIENTE,NO,NaN,SI,OTRAS,SUS PADRES
647,CASA INDEPENDIENTE,ALQUILADA,SI,SI,PADRES Y HERMANOS,SECUNDARIA,SECUNDARIA,SI,INDEPENDIENTE,SI,INDEPENDIENTE,SI,PROPIA,POR SU CUENTA
648,CASA INDEPENDIENTE,PROPIA,SI,SI,PADRES Y HERMANOS,SECUNDARIA,SECUNDARIA,SI,DEPENDIENTE,SI,DEPENDIENTE,SI,PROPIA,SUS PADRES
649,CASA INDEPENDIENTE,OTRO,SI,SI,PADRES Y HERMANOS,OTROS ESTUDIOS,OTROS ESTUDIOS,SI,INDEPENDIENTE,SI,INDEPENDIENTE,SI,OTRAS,POR SU CUENTA
650,CASA INDEPENDIENTE,PROPIA,SI,SI,PADRES Y HERMANOS,SUP. UNIV. COMPLETA,SUP. UNIV. COMPLETA,SI,INDEPENDIENTE,SI,INDEPENDIENTE,SI,PROPIA,SUS PADRES
651,CASA INDEPENDIENTE,PROPIA,SI,SI,OTROS PARIENTES,ESTUDIOS TECNICOS NO UNIVERSITARIOS,ESTUDIOS TECNICOS NO UNIVERSITARIOS,SI,INDEPENDIENTE,SI,INDEPENDIENTE,SI,PROPIA,POR SU CUENTA
652,CASA INDEPENDIENTE,PROPIA,SI,SI,PADRES Y HERMANOS,ESTUDIOS TECNICOS NO UNIVERSITARIOS,ESTUDIOS TECNICOS NO UNIVERSITARIOS,SI,INDEPENDIENTE,SI,INDEPENDIENTE,SI,PROPIA,SUS PADRES
653,CASA INDEPENDIENTE,PROPIA,SI,SI,PADRES Y HERMANOS,ESTUDIOS TECNICOS NO UNIVERSITARIOS,SECUNDARIA,SI,DEPENDIENTE,SI,INDEPENDIENTE,SI,CABINAS DE INTERNET,SUS PADRES
654,OTRO,ALQUILADA,SI,SI,PADRES Y HERMANOS,SUP. UNIV. COMPLETA,SECUNDARIA,SI,DEPENDIENTE,NO,NaN,SI,PROPIA,SUS PADRES
655,CASA INDEPENDIENTE,PROPIA,SI,SI,PADRES Y HERMANOS,SUP. UNIV. INCOMPLETA,ESTUDIOS TECNICOS NO UNIVERSITARIOS,SI,INDEPENDIENTE,SI,DEPENDIENTE,NO,NaN,OTROS
656,CASA INDEPENDIENTE,PROPIA,SI,NO,OTROS PARIENTES,ESTUDIOS TECNICOS NO UNIVERSITARIOS,NaN,SI,DEPENDIENTE,NaN,NaN,SI,PROPIA,OTROS
657,CASA INDEPENDIENTE,PROPIA,SI,SI,PADRES Y HERMANOS,SUP. UNIV. COMPLETA,ESTUDIOS TECNICOS NO UNIVERSITARIOS,SI,INDEPENDIENTE,SI,INDEPENDIENTE,SI,PROPIA,SUS PADRES
658,OTRO,ALQUILADA,SI,SI,SOLO MADRE,SUP. UNIV. COMPLETA,SUP. UNIV. COMPLETA,SI,DEPENDIENTE,NO,NaN,SI,PROPIA,SUS PADRES
659,CASA INDEPENDIENTE,PROPIA,SI,SI,SOLO MADRE,SUP. UNIV. COMPLETA,SUP. UNIV. COMPLETA,SI,INDEPENDIENTE,SI,DEPENDIENTE,SI,PROPIA,SUS PADRES
660,CASA INDEPENDIENTE,PROPIA,SI,SI,PADRES Y HERMANOS,SUP. UNIV. COMPLETA,SUP. UNIV. COMPLETA,SI,DEPENDIENTE,NO,NaN,SI,PROPIA,SUS PADRES
661,OTRO,ALQUILADA,SI,SI,PADRES Y HERMANOS,SUP. UNIV. COMPLETA,SUP. UNIV. COMPLETA,SI,DEPENDIENTE,SI,DEPENDIENTE,SI,PROPIA,SUS PADRES
662,CASA INDEPENDIENTE,PROPIA,SI,SI,SOLO MADRE,SUP. UNIV. COMPLETA,SUP. UNIV. COMPLETA,SI,INDEPENDIENTE,SI,DEPENDIENTE,SI,PROPIA,SUS PADRES
663,OTRO,PROPIA,SI,SI,PADRES Y HERMANOS,SUP. UNIV. COMPLETA,SUP. UNIV. COMPLETA,SI,DEPENDIENTE,NO,NaN,SI,PROPIA,SUS PADRES
664,CASA INDEPENDIENTE,PROPIA,SI,SI,PADRES Y HERMANOS,SUP. UNIV. COMPLETA,SUP. UNIV. COMPLETA,SI,DEPENDIENTE,SI,INDEPENDIENTE,SI,PROPIA,SUS PADRES
665,CASA INDEPENDIENTE,ALQUILADA,SI,SI,PADRES Y HERMANOS,SECUNDARIA,SECUNDARIA,SI,DEPENDIENTE,NO,NaN,SI,PROPIA,SUS PADRES
666,CASA INDEPENDIENTE,PROPIA,SI,SI,PADRES Y HERMANOS,SUP. UNIV. COMPLETA,SUP. UNIV. COMPLETA,SI,DEPENDIENTE,NO,NaN,SI,PROPIA,SUS PADRES
667,OTRO,ALQUILADA,SI,SI,OTROS PARIENTES,SECUNDARIA,SECUNDARIA,SI,INDEPENDIENTE,SI,INDEPENDIENTE,SI,PROPIA,POR SU CUENTA
668,CASA INDEPENDIENTE,PROPIA,SI,SI,PADRES Y HERMANOS,SECUNDARIA,SECUNDARIA,SI,INDEPENDIENTE,SI,INDEPENDIENTE,SI,OTRAS,SUS PADRES
669,CASA INDEPENDIENTE,PROPIA,SI,SI,PADRES Y HERMANOS,SUP. UNIV. INCOMPLETA,SUP. UNIV. INCOMPLETA,SI,DEPENDIENTE,NO,NaN,SI,PROPIA,SUS PADRES
670,CASA INDEPENDIENTE,PROPIA,SI,SI,SOLO MADRE,ESTUDIOS TECNICOS NO UNIVERSITARIOS,ESTUDIOS TECNICOS NO UNIVERSITARIOS,SI,DEPENDIENTE,SI,DEPENDIENTE,SI,PROPIA,SUS PADRES
671,OTRO,PROPIA,SI,SI,PADRES Y HERMANOS,SUP. UNIV. COMPLETA,ESTUDIOS TECNICOS NO UNIVERSITARIOS,SI,DEPENDIENTE,SI,DEPENDIENTE,SI,PROPIA,SUS PADRES
672,CASA INDEPENDIENTE,PROPIA,SI,SI,PADRES Y HERMANOS,SUP. UNIV. INCOMPLETA,SUP. UNIV. INCOMPLETA,SI,INDEPENDIENTE,SI,INDEPENDIENTE,SI,PROPIA,SUS PADRES
673,CASA INDEPENDIENTE,PROPIA,SI,SI,PADRES Y HERMANOS,SUP. UNIV. COMPLETA,SUP. UNIV. COMPLETA,SI,INDEPENDIENTE,NO,NaN,NO,NaN,SUS PADRES
674,OTRO,ALQUILADA,NO,SI,SOLO MADRE,NaN,SECUNDARIA,NaN,NaN,SI,INDEPENDIENTE,SI,PROPIA,SUS PADRES
675,CASA INDEPENDIENTE,PROPIA,SI,SI,PADRES Y HERMANOS,SUP. UNIV. COMPLETA,SUP. UNIV. COMPLETA,SI,DEPENDIENTE,SI,DEPENDIENTE,SI,PROPIA,SUS PADRES
676,CASA INDEPENDIENTE,PROPIA,SI,SI,PADRES Y HERMANOS,SUP. UNIV. INCOMPLETA,SUP. UNIV. INCOMPLETA,SI,INDEPENDIENTE,SI,INDEPENDIENTE,SI,PROPIA,SUS PADRES
677,CASA INDEPENDIENTE,PROPIA,NO,SI,SOLO MADRE,NaN,SECUNDARIA,NaN,NaN,SI,DEPENDIENTE,SI,CABINAS DE INTERNET,OTROS
678,CASA INDEPENDIENTE,PROPIA,SI,SI,PADRES Y HERMANOS,ESTUDIOS TECNICOS NO UNIVERSITARIOS,OTROS ESTUDIOS,SI,INDEPENDIENTE,NO,NaN,SI,CABINAS DE INTERNET,POR SU CUENTA
679,OTRO,ALQUILADA,SI,SI,OTROS PARIENTES,SUP. UNIV. COMPLETA,SUP. UNIV. COMPLETA,SI,DEPENDIENTE,SI,DEPENDIENTE,SI,PROPIA,SUS PADRES
680,CASA INDEPENDIENTE,PROPIA,SI,NO,PADRES Y HERMANOS,SUP. UNIV. COMPLETA,NaN,SI,DEPENDIENTE,NaN,NaN,SI,CABINAS DE INTERNET,SUS PADRES
681,CASA INDEPENDIENTE,PROPIA,SI,SI,PADRES Y HERMANOS,SUP. UNIV. COMPLETA,SUP. UNIV. COMPLETA,SI,INDEPENDIENTE,SI,DEPENDIENTE,SI,PROPIA,SUS PADRES
682,CASA INDEPENDIENTE,PROPIA,SI,SI,PADRES Y HERMANOS,SUP. UNIV. COMPLETA,SECUNDARIA,SI,DEPENDIENTE,SI,INDEPENDIENTE,SI,PROPIA,SUS PADRES
683,OTRO,ALQUILADA,SI,SI,SOLO MADRE,SECUNDARIA,SUP. UNIV. COMPLETA,SI,INDEPENDIENTE,SI,DEPENDIENTE,SI,PROPIA,SUS PADRES
684,CASA INDEPENDIENTE,PROPIA,SI,NO,OTROS PARIENTES,SUP. UNIV. COMPLETA,NaN,SI,INDEPENDIENTE,NaN,NaN,SI,PROPIA,POR SU CUENTA
685,CASA INDEPENDIENTE,PROPIA,SI,SI,OTROS PARIENTES,ESTUDIOS TECNICOS NO UNIVERSITARIOS,SECUNDARIA,SI,DEPENDIENTE,SI,INDEPENDIENTE,NO,NaN,SUS PADRES
686,CASA INDEPENDIENTE,PROPIA,SI,SI,SOLO HERMANOS,SECUNDARIA,OTROS ESTUDIOS,SI,INDEPENDIENTE,NO,NaN,SI,PROPIA,POR SU CUENTA
